store,name,brand,price,original_price,price_per_kg,unit_type,saving,percent_off,deal_type,scraped_at
New World,"Prime Beef Mince

kg",,22.89,22.89,,ea,0.0,0.0,,2026-01-09T10:24:09.164930
New World,"NZ Premium Beef Mince

kg",,27.89,27.89,,ea,0.0,0.0,,2026-01-09T10:24:09.202858
New World,"Beef Rump Steak

kg",,34.89,34.89,,ea,0.0,0.0,,2026-01-09T10:24:09.244884
New World,"Lamb Leg Roast

kg",,25.49,25.49,,ea,0.0,0.0,,2026-01-09T10:24:09.281972
New World,"Lamb Shoulder Chops

kg",,19.99,19.99,,ea,0.0,0.0,,2026-01-09T10:24:09.319503
New World,"Beef Scotch Fillet Steak

kg",,49.99,49.99,,ea,0.0,0.0,,2026-01-09T10:24:09.356922
New World,"NZ Beef Porterhouse Steak

kg",,39.99,39.99,,ea,0.0,0.0,Super Saver,2026-01-09T10:24:09.390891
New World,"NZ Pork Loin Chops

kg",,14.89,14.89,,ea,0.0,0.0,Super Saver,2026-01-09T10:24:09.442491
New World,"Lamb Loin Chops

kg",,29.99,29.99,,ea,0.0,0.0,,2026-01-09T10:24:09.483309
New World,"Vacuum Packed Whole Lamb Leg

kg",,25.49,25.49,,ea,0.0,0.0,,2026-01-09T10:24:09.518524
New World,"Pams Streaky Bacon

250g",,7.29,7.29,,ea,0.0,0.0,,2026-01-09T10:24:09.554256
New World,"NZ Pork Mince

kg",,18.89,18.89,,ea,0.0,0.0,,2026-01-09T10:24:09.590923
New World,"Pork Leg

kg",,12.59,12.59,,ea,0.0,0.0,,2026-01-09T10:24:09.625372
New World,"NZ Pork Shoulder Roast

kg",,12.99,12.99,,ea,0.0,0.0,,2026-01-09T10:24:09.660536
New World,"Beehive Streaky Bacon

800g",,22.39,22.39,,ea,0.0,0.0,Club Deal,2026-01-09T10:24:09.701132
New World,"Hellers Manuka Smoked Streaky Bacon

250g",,8.25,8.25,,ea,0.0,0.0,Club Deal,2026-01-09T10:24:09.854885
New World,"Pams Sliced Champagne Leg Ham

225g",,5.59,5.59,,ea,0.0,0.0,,2026-01-09T10:24:09.893253
New World,"Farmland Wickford Ham

kg",,24.9,24.9,,ea,0.0,0.0,,2026-01-09T10:24:09.932651
New World,"Beehive Streaky Bacon

250g",,9.19,9.19,,ea,0.0,0.0,Club Deal,2026-01-09T10:24:09.964996
New World,"Hellers Shaved Manuka Smoked Ham

200g",,7.19,7.19,,ea,0.0,0.0,,2026-01-09T10:24:10.034907
New World,"Hellers Sausage Meat

450g",,7.29,7.29,,ea,0.0,0.0,,2026-01-09T10:24:10.069415
New World,"Beehive Shaved Champagne Ham

200g",,7.99,7.99,,ea,0.0,0.0,,2026-01-09T10:24:10.100082
New World,"NZ Beef Schnitzel

kg",,27.99,27.99,,ea,0.0,0.0,,2026-01-09T10:24:10.135161
New World,"Lamb Steak

kg",,36.99,36.99,,ea,0.0,0.0,,2026-01-09T10:24:10.170502
New World,"Crumbed Beef Schnitzel

kg",,27.99,27.99,,ea,0.0,0.0,,2026-01-09T10:24:10.238955
New World,"Farmland Streaky Bacon

500g",,17.39,17.39,,ea,0.0,0.0,,2026-01-09T10:24:10.269779
New World,"Pams Fresh Whole Chicken Medium

1.5kg",,14.69,14.69,,ea,0.0,0.0,,2026-01-09T10:24:10.303861
New World,"Hellers London Pride Sausages

6pk",,10.49,10.49,,ea,0.0,0.0,,2026-01-09T10:24:10.338467
New World,"Hellers Craft Angus Beef Sausages

6pk",,10.99,10.99,,ea,0.0,0.0,,2026-01-09T10:24:10.396716
New World,"Pams Streaky Bacon

500g",,12.45,12.45,,ea,0.0,0.0,,2026-01-09T10:24:10.431705
New World,"Diced Chicken

kg",,18.99,18.99,,ea,0.0,0.0,,2026-01-09T10:24:10.468171
New World,"Hellers Shaved Champagne Ham

200g",,7.19,7.19,,ea,0.0,0.0,,2026-01-09T10:24:10.506173
New World,"Hellers Genuine Pork Sausages

6pk",,10.49,10.49,,ea,0.0,0.0,,2026-01-09T10:24:10.540583
New World,"Sizzlers Double Cheese

450g",,7.15,7.15,,ea,0.0,0.0,,2026-01-09T10:24:10.602999
New World,"Hellers Trusty BBQ Pre-Cooked Sausages

1kg",,13.15,13.15,,ea,0.0,0.0,,2026-01-09T10:24:10.633637
New World,"Beef Fillet Steak

kg",,63.99,63.99,,ea,0.0,0.0,,2026-01-09T10:24:10.664538
New World,"NZ Pork Shoulder Chops

kg",,15.79,15.79,,ea,0.0,0.0,,2026-01-09T10:24:10.727274
New World,"Hellers Manuka Smoked Streaky Bacon

400g",,12.89,12.89,,ea,0.0,0.0,Club Deal,2026-01-09T10:24:10.792739
New World,"Hellers Manuka Smoked Streaky Bacon

400g",,12.89,12.89,,ea,0.0,0.0,Club Deal,2026-01-09T10:24:28.324350
New World,"Pams Middle Bacon

350g",,6.99,6.99,,ea,0.0,0.0,,2026-01-09T10:24:28.397640
New World,"Pork Sirloin Steak

kg",,35.99,35.99,,ea,0.0,0.0,,2026-01-09T10:24:28.438297
New World,"Boneless Chicken Thigh Fillets

kg",,24.99,24.99,,ea,0.0,0.0,,2026-01-09T10:24:28.474172
New World,"Pams Shoulder Bacon

400g",,6.99,6.99,,ea,0.0,0.0,,2026-01-09T10:24:28.514170
New World,"Brink's Chicken Tenderloins

kg",,23.49,23.49,,ea,0.0,0.0,,2026-01-09T10:24:28.561665
New World,"Hellers Ol' Smokey Streaky Bacon

250g",,8.25,8.25,,ea,0.0,0.0,Club Deal,2026-01-09T10:24:28.596052
New World,"Hellers Chunky Cheese Sausages

1kg",,14.69,14.69,,ea,0.0,0.0,,2026-01-09T10:24:28.635721
New World,"Hellers Chinese Honey Sausages

1kg",,14.69,14.69,,ea,0.0,0.0,,2026-01-09T10:24:28.666804
New World,"Hellers Craft Angus Beef Burgers

4pk",,10.99,10.99,,ea,0.0,0.0,,2026-01-09T10:24:28.697009
New World,"Hellers New Yorker Porker Sausages

6pk",,10.49,10.49,,ea,0.0,0.0,,2026-01-09T10:24:28.731011
New World,"Aoraki Smokehouse Original Artisan Cold Smoked Salmon Slices

100g",,14.19,14.19,,ea,0.0,0.0,,2026-01-09T10:24:28.762270
New World,"Hellers Manuka Smoked Shoulder Bacon

200g",,5.39,5.39,,ea,0.0,0.0,Club Deal,2026-01-09T10:24:28.791348
New World,"Hellers Craft Old Fashioned Beef Sausages

6pk",,10.99,10.99,,ea,0.0,0.0,,2026-01-09T10:24:28.841021
New World,"Bird & Barrow Skinless Chicken Breast

kg",,17.99,17.99,,ea,0.0,0.0,Super Saver,2026-01-09T10:24:28.905529
New World,"Hellers Ol' Smokey Streaky Bacon

800g",,21.24,21.99,,ea,0.75,3.4,Club Deal,2026-01-09T10:24:28.942462
New World,"Hellers Cocktail Saveloys

kg",,14.49,14.49,,ea,0.0,0.0,,2026-01-09T10:24:28.981607
New World,"Pams Whole Chicken Large

1.9kg",,9.66,18.35,,ea,8.69,47.4,Club Deal,2026-01-09T10:24:29.015550
New World,"NZ Stir Fry Beef

kg",,30.99,30.99,,ea,0.0,0.0,,2026-01-09T10:24:29.070377
New World,"Ingham's Garlic & Herb Butterfly Chicken

1.1kg",,13.39,13.39,,ea,0.0,0.0,,2026-01-09T10:24:29.174710
New World,"Pams Streaky Bacon

1kg",,25.75,25.75,,ea,0.0,0.0,,2026-01-09T10:24:29.207406
New World,"Hellers Honey Cured Streaky Bacon

250g",,8.25,8.25,,ea,0.0,0.0,Club Deal,2026-01-09T10:24:29.241244
New World,"Pams Classic Beef Sausages

6 x 75g",,9.25,9.25,,ea,0.0,0.0,,2026-01-09T10:24:29.281294
New World,"Waitoa Manuka Honey & Rosemary Chicken

1.1kg",,15.25,15.25,,ea,0.0,0.0,,2026-01-09T10:24:29.312150
New World,"NZ Diced Beef

kg",,30.99,30.99,,ea,0.0,0.0,,2026-01-09T10:24:29.345890
New World,"NZ Pork Slices

kg",,25.49,25.49,,ea,0.0,0.0,,2026-01-09T10:24:29.379569
New World,"Hellers Manuka Smoked Rasher Bacon

800g",,18.35,18.35,,ea,0.0,0.0,Club Deal,2026-01-09T10:24:29.411190
New World,"Farmland Streaky Bacon

1kg",,33.49,33.49,,ea,0.0,0.0,,2026-01-09T10:24:29.479930
New World,"Hellers Manuka Smoked Streaky Bacon

800g",,21.24,21.99,,ea,0.75,3.4,Club Deal,2026-01-09T10:24:29.514022
New World,"Hellers Craft Shredded Roast Chicken

300g",,11.85,11.85,,ea,0.0,0.0,,2026-01-09T10:24:29.556009
New World,"Pams Sage & Onion Stuffed Chicken

1.5kg",,15.59,15.59,,ea,0.0,0.0,,2026-01-09T10:24:29.586487
New World,"Hellers Manuka Smoked Middle Eye Bacon

250g",,9.79,9.79,,ea,0.0,0.0,Club Deal,2026-01-09T10:24:29.615151
New World,"Pieter's Dutch Salami

250g",,7.55,7.55,,ea,0.0,0.0,,2026-01-09T10:24:29.652694
New World,"Hellers Crafty Cooks Bacon Strips

200g",,7.19,7.19,,ea,0.0,0.0,,2026-01-09T10:24:29.682491
New World,"Pams Classic Pork Sausages

6 x 75g",,9.25,9.25,,ea,0.0,0.0,,2026-01-09T10:24:29.717288
New World,"Hellers Classic Family Cheerios

1kg",,12.49,12.49,,ea,0.0,0.0,,2026-01-09T10:24:29.746834
New World,"Verkerks Frankfurters

300g",,7.85,7.85,,ea,0.0,0.0,Club Deal,2026-01-09T10:24:29.778530
New World,"Beehive Shoulder Bacon

200g",,6.15,6.15,,ea,0.0,0.0,,2026-01-09T10:24:29.811929
New World,"Hutton's Ham & Chicken Luncheon

ea",,17.9,17.9,,ea,0.0,0.0,,2026-01-09T10:24:29.875955
New World,"Tegel Free Range Meal Maker Shredded Roast Chicken

260g",,12.85,12.85,,ea,0.0,0.0,Club Deal,2026-01-09T10:24:29.933995
New World,"Pieter's Danish Salami

250g",,7.55,7.55,,ea,0.0,0.0,,2026-01-09T10:24:29.967550
New World,"Harris Farms Beef 'n Caramelised Onion Burgers

2 x 125g",,7.15,7.15,,ea,0.0,0.0,Club Deal,2026-01-09T10:24:29.995377
New World,"Freedom Farms Streaky Bacon

250g",,16.69,16.69,,ea,0.0,0.0,,2026-01-09T10:24:46.344585
New World,"Pieter's Pepperoni Salami

250g",,7.55,7.55,,ea,0.0,0.0,,2026-01-09T10:24:46.378855
New World,"Verkerks Cheese Kransky

280g",,8.99,8.99,,ea,0.0,0.0,Club Deal,2026-01-09T10:24:46.407475
New World,"Beehive Shaved Honey Baked Ham

2 x 100g",,7.99,7.99,,ea,0.0,0.0,,2026-01-09T10:24:46.442290
New World,"NZ Chicken Necks

kg",,6.49,6.49,,ea,0.0,0.0,,2026-01-09T10:24:46.475990
New World,"Harris Farms North Canterbury Beef Burgers

2 x 125g",,7.15,7.15,,ea,0.0,0.0,Club Deal,2026-01-09T10:24:46.508234
New World,"Hellers Manuka Smoked Rasher Bacon

200g",,6.09,6.09,,ea,0.0,0.0,,2026-01-09T10:24:46.543361
New World,"Hellers Craft Angus Beef Meatballs

400g",,10.99,10.99,,ea,0.0,0.0,,2026-01-09T10:24:46.577473
New World,"Hellers Craft Sliced Roast Chicken

300g",,11.85,11.85,,ea,0.0,0.0,,2026-01-09T10:24:46.611601
New World,"Verkerks Mini Danish Salami

300g",,11.29,11.29,,ea,0.0,0.0,Club Deal,2026-01-09T10:24:46.639997
New World,"Hellers Gluten Free Original Sausages

1kg",,14.69,14.69,,ea,0.0,0.0,,2026-01-09T10:24:46.673997
New World,"Hellers Manuka Smoked Bacon Pieces

500g",,5.98,7.49,,ea,1.51,20.2,Club Deal,2026-01-09T10:24:46.731293
New World,"Tegel Free Range Meal Maker Sliced Roast Chicken

260g",,12.85,12.85,,ea,0.0,0.0,Club Deal,2026-01-09T10:24:46.768689
New World,"NZ Beef Bolar Roast

kg",,29.99,29.99,,ea,0.0,0.0,,2026-01-09T10:24:46.802498
New World,"Hellers Manuka Smoked Streaky Bacon

1kg",,18.99,35.15,,ea,16.16,46.0,Club Deal,2026-01-09T10:24:46.834438
New World,"Hellers Shaved Honey Baked Ham

200g",,7.19,7.19,,ea,0.0,0.0,Club Deal,2026-01-09T10:24:46.869880
New World,"Waitoa Free Range Boneless Skinless Chicken Breasts

kg",,17.99,17.99,,ea,0.0,0.0,Super Saver,2026-01-09T10:24:46.915669
New World,"Pieter's Italian Salami

250g",,7.55,7.55,,ea,0.0,0.0,,2026-01-09T10:24:46.952893
New World,"Farmland Streaky Bacon

250g",,9.29,9.29,,ea,0.0,0.0,Club Deal,2026-01-09T10:24:47.013295
New World,"Lamb Butterfly Leg Roasts

kg",,41.49,41.49,,ea,0.0,0.0,,2026-01-09T10:24:47.081130
New World,"Hellers Shaved Beef Pastrami

100g",,6.55,6.55,,ea,0.0,0.0,,2026-01-09T10:24:47.114824
New World,"Hellers Craft Honey Lamb & Rosemary Sausages

6pk",,10.99,10.99,,ea,0.0,0.0,,2026-01-09T10:24:47.144766
New World,"Hellers Craft Lamb & Thyme Sausages

6pk",,10.99,10.99,,ea,0.0,0.0,,2026-01-09T10:24:47.178459
New World,"Waitoa Whole Chicken with Garden Herbs Stuffing

1.5kg",,19.7,19.7,,ea,0.0,0.0,,2026-01-09T10:24:47.213422
New World,"NZ Beef Blade Steak

kg",,31.99,31.99,,ea,0.0,0.0,,2026-01-09T10:24:47.246879
New World,"Harris Farms Steak 'n Cheese Burgers

2 x 125g",,7.15,7.15,,ea,0.0,0.0,Club Deal,2026-01-09T10:24:47.278705
New World,"Verkerks Italian Salami

300g",,11.29,11.29,,ea,0.0,0.0,Club Deal,2026-01-09T10:24:47.339087
New World,"Hellers Shaved Roast Chicken

200g",,7.19,7.19,,ea,0.0,0.0,,2026-01-09T10:24:47.372905
New World,"Hellers Craft Sliced Ham Off The Bone

250g",,12.19,12.19,,ea,0.0,0.0,Club Deal,2026-01-09T10:24:47.400859
New World,"Pams Precooked Sausages

1kg",,8.33,10.59,,ea,2.26,21.3,Club Deal,2026-01-09T10:24:47.441568
New World,"Pams Finest Authentic Italian Prosciutto Crudo

70g",,9.69,9.69,,ea,0.0,0.0,,2026-01-09T10:24:47.475510
New World,"Verkerks Mini Peperoni Salami

300g",,11.29,11.29,,ea,0.0,0.0,Club Deal,2026-01-09T10:24:47.507638
New World,"Waitoa Free Range Chicken Breast

kg",,26.99,26.99,,ea,0.0,0.0,,2026-01-09T10:24:47.541084
New World,"Primo Smallgoods Chorizo

200g",,6.65,6.65,,ea,0.0,0.0,,2026-01-09T10:24:47.574518
New World,"NZ Diced Pork

kg",,22.99,22.99,,ea,0.0,0.0,,2026-01-09T10:24:47.604188
New World,"Hellers Cheese & Bacon Sausages

1kg",,14.69,14.69,,ea,0.0,0.0,,2026-01-09T10:24:47.637568
New World,"Hellers Frankfurters Sausages

kg",,14.49,14.49,,ea,0.0,0.0,,2026-01-09T10:24:47.670793
New World,"Wilson Hellaby Teriyaki Flavoured Pork Loin Steak

kg",,24.49,24.49,,ea,0.0,0.0,,2026-01-09T10:24:47.741759
New World,"Pams Finest European Duo Prosciutto & Milano Salami

80g",,12.45,12.45,,ea,0.0,0.0,,2026-01-09T10:24:47.772695
New World,"NZ Beef Topside Steak

kg",,27.49,27.49,,ea,0.0,0.0,,2026-01-09T10:24:47.806868
New World,"Lamb Mince

kg",,28.99,28.99,,ea,0.0,0.0,,2026-01-09T10:24:47.840406
New World,"Hellers Honey Baked Ham Off The Bone

250g",,12.19,12.19,,ea,0.0,0.0,Club Deal,2026-01-09T10:24:47.872531
New World,"Hellers Trusty BBQ Pre-Cooked Sausages

2kg",,23.65,23.65,,ea,0.0,0.0,,2026-01-09T10:24:47.911571
New World,"Skinless Chicken Breast Fillets

kg",,12.89,12.89,,ea,0.0,0.0,Super Saver,2026-01-09T10:24:47.939389
New World,"Regal Cold Smoked Salmon

100g",,14.95,14.95,,ea,0.0,0.0,,2026-01-09T10:24:47.976370
New World,"Verkerks Chorizo

300g",,11.29,11.29,,ea,0.0,0.0,Club Deal,2026-01-09T10:25:05.869125
New World,"Verkerks Dutch Salami

300g",,11.29,11.29,,ea,0.0,0.0,Club Deal,2026-01-09T10:25:05.901079
New World,"Beehive Cocktails

1kg",,11.49,15.69,,ea,4.2,26.8,Club Deal,2026-01-09T10:25:05.933066
New World,"Hellers Craft Country Pork Sausages

6pk",,10.99,10.99,,ea,0.0,0.0,,2026-01-09T10:25:05.967039
New World,"Pams Value Precooked Middle Bacon

700g",,15.09,15.09,,ea,0.0,0.0,,2026-01-09T10:25:06.000575
New World,"Chicken Maryland

kg",,9.49,9.49,,ea,0.0,0.0,,2026-01-09T10:25:06.033836
New World,"Tegel Free Range Chicken Mexican Wraps

4pk",,12.49,12.49,,ea,0.0,0.0,,2026-01-09T10:25:06.064331
New World,"Hellers Manuka Smoked Middle Eye Bacon

500g",,15.59,15.59,,ea,0.0,0.0,,2026-01-09T10:25:06.122836
New World,"Pieter's Spanish Chorizo Salami

250g",,7.55,7.55,,ea,0.0,0.0,,2026-01-09T10:25:06.155723
New World,"Tegel Fresh Free Range Smoked Chicken Breast

300g",,13.59,13.59,,ea,0.0,0.0,Club Deal,2026-01-09T10:25:06.183309
New World,"Tegel Free Range Meal Maker Smoked Chicken

260g",,12.85,12.85,,ea,0.0,0.0,Club Deal,2026-01-09T10:25:06.215019
New World,"Hutton's Ham & Chicken Flavoured Luncheon

800g",,8.69,8.69,,ea,0.0,0.0,,2026-01-09T10:25:06.278571
New World,"Hellers Manuka Smoked Ham

900g",,18.75,18.75,,ea,0.0,0.0,,2026-01-09T10:25:06.307962
New World,"NZ Fresh Bone-In Pork Belly

kg",,26.49,26.49,,ea,0.0,0.0,,2026-01-09T10:25:06.340963
New World,"Waitoa Free Range Boneless Skinless Chicken Thighs

kg",,28.99,28.99,,ea,0.0,0.0,,2026-01-09T10:25:06.373809
New World,"Harris Farms Old English Beef Sausages MAP

480g",,10.29,10.29,,ea,0.0,0.0,,2026-01-09T10:25:06.406764
New World,"Shredded Chicken

kg",,39.9,39.9,,ea,0.0,0.0,,2026-01-09T10:25:06.439694
New World,"Hellers Craft Country Pork Breakfast Sausages

10pk",,10.99,10.99,,ea,0.0,0.0,,2026-01-09T10:25:06.469924
New World,"Hellers Free Range Danish Eye Bacon

250g",,12.99,12.99,,ea,0.0,0.0,Club Deal,2026-01-09T10:25:06.502663
New World,"Tegel Free Range Manuka Smoked Chicken Rashers

200g",,7.59,7.59,,ea,0.0,0.0,Club Deal,2026-01-09T10:25:06.539324
New World,"Hellers Craft Angus Beef Breakfast Sausages

10pk",,10.99,10.99,,ea,0.0,0.0,,2026-01-09T10:25:06.631121
New World,"Freedom Farms Rindless Middle Bacon

200g",,13.09,13.09,,ea,0.0,0.0,,2026-01-09T10:25:06.664369
New World,"Lisa's Mediterranean Falafel Mix

400g",,8.99,8.99,,ea,0.0,0.0,,2026-01-09T10:25:06.697447
New World,"Beehive Mini Cheese Kransky Sausages

800g",,14.36,15.69,,ea,1.33,8.5,Club Deal,2026-01-09T10:25:06.725966
New World,"Pork Hock

1pk",,9.99,9.99,,ea,0.0,0.0,,2026-01-09T10:25:06.771464
New World,"NZ Pork Scotch Fillet

kg",,30.99,30.99,,ea,0.0,0.0,,2026-01-09T10:25:06.804835
New World,"Tegel Free Range Chicken Italian Wraps

4pk",,12.49,12.49,,ea,0.0,0.0,,2026-01-09T10:25:06.837957
New World,"Hellers Shaved Hot Pork

200g",,7.19,7.19,,ea,0.0,0.0,Club Deal,2026-01-09T10:25:06.865681
New World,"NZ Beef Chuck Steak

kg",,34.59,34.59,,ea,0.0,0.0,,2026-01-09T10:25:06.902391
New World,"Freedom Farms Shaved NZ Champagne Ham Twin Pack

100g",,8.89,8.89,,ea,0.0,0.0,,2026-01-09T10:25:06.938059
New World,"Farmland Leg Ham Banquet Boneless

890g",,15.72,16.49,,ea,0.77,4.7,Club Deal,2026-01-09T10:25:06.969489
New World,"Tegel Free Range Meal Maker Shredded Roast Chicken

100g",,6.19,6.19,,ea,0.0,0.0,,2026-01-09T10:25:07.006352
New World,"Hellers Mild Chorizo

150g",,6.79,6.79,,ea,0.0,0.0,Club Deal,2026-01-09T10:25:07.033834
New World,"Unsliced Beef Fillet Steak

kg",,63.99,63.99,,ea,0.0,0.0,,2026-01-09T10:25:07.066710
New World,"Hellers Classic Saveloys

1kg",,12.49,12.49,,ea,0.0,0.0,,2026-01-09T10:25:07.099763
New World,"Hutton's Lite Ham & Chicken Flavoured Luncheon

500g",,8.15,8.15,,ea,0.0,0.0,Club Deal,2026-01-09T10:25:07.131451
New World,"Tegel Herb Crumbed Chicken Schnitzel

kg",,21.49,21.49,,ea,0.0,0.0,,2026-01-09T10:25:07.165923
New World,"Farmland Pastrami Thin Sliced Beef

100g",,7.59,7.59,,ea,0.0,0.0,,2026-01-09T10:25:07.195350
New World,"Hellers Beef Flavoured Sausages

6pk",,6.99,6.99,,ea,0.0,0.0,,2026-01-09T10:25:07.228382
New World,"Pork Leg Steak

kg",,19.99,19.99,,ea,0.0,0.0,Super Saver,2026-01-09T10:25:07.255425
New World,"Sizzlers Cheese

450g",,7.15,7.15,,ea,0.0,0.0,,2026-01-09T10:25:07.292008
New World,"Pams Pork & Apple Sausages

6 x 75g",,11.05,11.05,,ea,0.0,0.0,,2026-01-09T10:25:07.321036
New World,"Hellers Smoked Chicken Breast

300g",,16.05,16.05,,ea,0.0,0.0,,2026-01-09T10:25:07.350500
New World,"Country Pride Ham & Chicken Flavoured Premium Luncheon

200g",,5.69,5.69,,ea,0.0,0.0,,2026-01-09T10:25:07.381055
New World,"Hellers Spicy Chorizo

150g",,6.79,6.79,,ea,0.0,0.0,Club Deal,2026-01-09T10:25:07.412138
New World,"Hellers Craft Venison Sausages

6pk",,10.99,10.99,,ea,0.0,0.0,,2026-01-09T10:25:07.444843
New World,"Regal Cold Smoked Salmon

200g",,24.09,24.09,,ea,0.0,0.0,Club Deal,2026-01-09T10:25:23.852018
New World,"Pork Shoulder Rolled Roast

kg",,22.49,22.49,,ea,0.0,0.0,,2026-01-09T10:25:23.950617
New World,"Bird & Barrow Chicken Tenderloins

kg",,26.99,26.99,,ea,0.0,0.0,,2026-01-09T10:25:23.986227
New World,"Verkerks Peppered Hungarian Salami

200g",,11.29,11.29,,ea,0.0,0.0,Club Deal,2026-01-09T10:25:24.024213
New World,"Hellers Shaved Smoked Chicken

200g",,7.19,7.19,,ea,0.0,0.0,,2026-01-09T10:25:24.090522
New World,"Boneless Pork Belly

kg",,29.49,29.49,,ea,0.0,0.0,,2026-01-09T10:25:24.120658
New World,"Hellers FSNW Honey Baked Ham

kg",,19.29,19.29,,ea,0.0,0.0,,2026-01-09T10:25:24.154485
New World,"Hellers Family Meatballs

400g",,8.99,8.99,,ea,0.0,0.0,Club Deal,2026-01-09T10:25:24.186262
New World,"Hutton's Streaky Bacon

400g",,11.45,11.45,,ea,0.0,0.0,,2026-01-09T10:25:24.219772
New World,"Bostock Brothers 100% Certified Organic Free Range Chicken Sausages

290g",,13.65,13.65,,ea,0.0,0.0,,2026-01-09T10:25:24.253392
New World,"Hellers NZ Free Farmed Shaved Champagne Ham

100g",,6.55,6.55,,ea,0.0,0.0,,2026-01-09T10:25:24.284736
New World,"Tegel Free Range Chicken Luncheon

800g",,8.95,8.95,,ea,0.0,0.0,,2026-01-09T10:25:24.318121
New World,"Premium Pork Sausages

kg",,22.49,22.49,,ea,0.0,0.0,,2026-01-09T10:25:24.347439
New World,"Hellers Free Range Danish Streaky Bacon

250g",,12.99,12.99,,ea,0.0,0.0,Club Deal,2026-01-09T10:25:24.377120
New World,"NZ Chicken Legs

kg",,12.89,12.89,,ea,0.0,0.0,,2026-01-09T10:25:24.423195
New World,"Crumbed Pork Schnitzel

kg",,24.99,24.99,,ea,0.0,0.0,,2026-01-09T10:25:24.456098
New World,"Chicken & Cranberry Mignon

1pk",,5.59,5.59,,ea,0.0,0.0,,2026-01-09T10:25:24.485558
New World,"Verkerks Traditional Aged Chorizo Salami

200g",,11.29,11.29,,ea,0.0,0.0,Club Deal,2026-01-09T10:25:24.514443
New World,"Roast Pork

kg",,42.9,42.9,,ea,0.0,0.0,,2026-01-09T10:25:24.547440
New World,"Bird & Barrow Chicken Thigh Fillet

kg",,28.99,28.99,,ea,0.0,0.0,,2026-01-09T10:25:24.580391
New World,"Pams Finest Tasty Duo Smoked Prosciutto & Hot Italian Salami

80g",,12.45,12.45,,ea,0.0,0.0,,2026-01-09T10:25:24.613497
New World,"Verkerks Bavarian Salami

300g",,11.29,11.29,,ea,0.0,0.0,Club Deal,2026-01-09T10:25:24.644922
New World,"Tonzu Natural Herb Organic Vegetarian Sausages

300g",,9.99,9.99,,ea,0.0,0.0,Club Deal,2026-01-09T10:25:24.676126
New World,"Leckies Saveloys Sausage

kg",,15.49,15.49,,ea,0.0,0.0,,2026-01-09T10:25:24.710839
New World,"Tegel Free Range Meal Maker Sliced Cajun Chicken

260g",,12.85,12.85,,ea,0.0,0.0,Club Deal,2026-01-09T10:25:24.739810
New World,"Beard Brothers Old School Beef Sausages

500g",,12.09,12.09,,ea,0.0,0.0,,2026-01-09T10:25:24.772918
New World,"Shore Mariner Seafood Marinara Mix

300g",,10.69,10.69,,ea,0.0,0.0,,2026-01-09T10:25:24.802134
New World,"Hellers Craft Ol' Smokey Ham Off The Bone

250g",,12.19,12.19,,ea,0.0,0.0,Club Deal,2026-01-09T10:25:24.829614
New World,"First Light Wagyu Beef Burgers

400g",,15.49,15.49,,ea,0.0,0.0,,2026-01-09T10:25:24.866559
New World,"Sizzlers Original

450g",,7.15,7.15,,ea,0.0,0.0,,2026-01-09T10:25:24.895808
New World,"Hellers Craft Angus Beef & Garlic Sausages

6pk",,10.99,10.99,,ea,0.0,0.0,,2026-01-09T10:25:24.925229
New World,"Hellers Craft Lamb Burgers

4pk",,10.99,10.99,,ea,0.0,0.0,,2026-01-09T10:25:24.960089
New World,"Farmland Beef Thin Sliced Roast

100g",,7.59,7.59,,ea,0.0,0.0,,2026-01-09T10:25:24.993205
New World,"Chicken Drumsticks

kg",,7.09,7.09,,ea,0.0,0.0,,2026-01-09T10:25:25.026236
New World,"Silver Fern Farms Grass-Fed Venison Medallions

400g",,21.35,21.35,,ea,0.0,0.0,,2026-01-09T10:25:25.059400
New World,"Hellers Pork Meatballs

400g",,10.99,10.99,,ea,0.0,0.0,,2026-01-09T10:25:25.092566
New World,"Chicken Basil Pesto & Garlic Mignon

ea",,5.59,5.59,,ea,0.0,0.0,,2026-01-09T10:25:25.126184
New World,"Harris Farms Smokey T's Brisket n' Cheddar Sausage MAP

450g",,10.29,10.29,,ea,0.0,0.0,,2026-01-09T10:25:25.157153
New World,"Pams Smokey Beef Sausages

6 x 75g",,11.69,11.69,,ea,0.0,0.0,,2026-01-09T10:25:25.186546
New World,"Hellers Honey Cured Streaky Bacon

800g",,21.24,21.99,,ea,0.75,3.4,Club Deal,2026-01-09T10:25:25.215867
New World,"Hellers Craft Sliced Tandoori Chicken

250g",,11.85,11.85,,ea,0.0,0.0,,2026-01-09T10:25:25.253166
New World,"Verkerks Rookworst Authentic Dutch Smoked Sausage

300g",,10.49,10.49,,ea,0.0,0.0,Club Deal,2026-01-09T10:25:25.281357
New World,"Harris Farms Lamb Herb n Manuka Burgers

2 x 110g",,7.15,7.15,,ea,0.0,0.0,Club Deal,2026-01-09T10:25:25.312872
New World,"Pork Fillets

kg",,28.99,28.99,,ea,0.0,0.0,,2026-01-09T10:25:25.346291
New World,"Tegel BBQ Chicken Thighs Cooked

kg",,19.9,19.9,,ea,0.0,0.0,,2026-01-09T10:25:25.384127
New World,"Zamora Homemade Ltd Pork & Sage Sausages

350g",,14.69,14.69,,ea,0.0,0.0,,2026-01-09T10:25:25.413939
New World,"Tegel Free Range Manuka Smoked Chicken Rashers

350g",,11.95,11.95,,ea,0.0,0.0,,2026-01-09T10:25:25.443661
New World,"Vegie Delights Hot Dogs

300g",,14.55,14.55,,ea,0.0,0.0,Club Deal,2026-01-09T10:25:42.345278
New World,"Hutton's Shoulder Bacon

550g",,11.45,11.45,,ea,0.0,0.0,,2026-01-09T10:25:42.378689
New World,"Pork Schnitzel

kg",,24.99,24.99,,ea,0.0,0.0,,2026-01-09T10:25:42.411933
New World,"Farmland Silverside Thin Sliced Corned

100g",,7.59,7.59,,ea,0.0,0.0,,2026-01-09T10:25:42.473618
New World,"Tegel Free Range Meal Maker Shredded Sweet Chilli Chicken

100g",,6.19,6.19,,ea,0.0,0.0,,2026-01-09T10:25:42.506519
New World,"Silver Fern Farms Grass-Fed Venison Mince

500g",,14.55,14.55,,ea,0.0,0.0,,2026-01-09T10:25:42.541394
New World,"Beef Minute Steak

kg",,25.49,25.49,,ea,0.0,0.0,,2026-01-09T10:25:42.574711
New World,"Ghiotti Salame Milano

70g",,8.99,8.99,,ea,0.0,0.0,,2026-01-09T10:25:42.607743
New World,"Hellers Craft Spanish Chorizo Sausages

200g",,8.49,8.49,,ea,0.0,0.0,,2026-01-09T10:25:42.640545
New World,"Bird & Barrow Chicken Thigh Cutlet

kg",,20.99,20.99,,ea,0.0,0.0,,2026-01-09T10:25:42.669895
New World,"Farmland Beef Thin Sliced Hot

100g",,7.59,7.59,,ea,0.0,0.0,,2026-01-09T10:25:42.703055
New World,"NZ Frenched Lamb Rack

kg",,56.99,56.99,,ea,0.0,0.0,,2026-01-09T10:25:42.732580
New World,"Bird & Barrow Free Range Chicken Breast Manuka Honey & Soy Kebabs

5pk",,10.99,10.99,,ea,0.0,0.0,,2026-01-09T10:25:42.766657
New World,"Farmland Thin Sliced Hot Pork

100g",,7.59,7.59,,ea,0.0,0.0,,2026-01-09T10:25:42.795923
New World,"Hellers Beef Burgers

6pk",,14.49,14.49,,ea,0.0,0.0,,2026-01-09T10:25:42.828710
New World,"Pams Finest Premium Cooked Jumbo Shrimp

500g",,19.05,19.05,,ea,0.0,0.0,,2026-01-09T10:25:42.858076
New World,"Beef Rump Roast

kg",,34.49,34.49,,ea,0.0,0.0,,2026-01-09T10:25:42.887435
New World,"Beef Ribeye Steak On The Bone

kg",,47.99,47.99,,ea,0.0,0.0,,2026-01-09T10:25:42.920378
New World,"Premium NZ Angus Pure Beef Mince

kg",,31.99,31.99,,ea,0.0,0.0,,2026-01-09T10:25:42.953307
New World,"Harris Farms North Canterbury Beef Burger Patties

480g",,12.99,12.99,,ea,0.0,0.0,,2026-01-09T10:25:42.987803
New World,"Pams Precooked Cheese Sausages

1kg",,8.33,10.59,,ea,2.26,21.3,Club Deal,2026-01-09T10:25:43.019811
New World,"Tegel Free Range Meal Maker Shredded Satay Flavoured Chicken

260g",,12.85,12.85,,ea,0.0,0.0,Club Deal,2026-01-09T10:25:43.051346
New World,"Tonzu Original High Protein Organic Tempeh

250g",,8.99,8.99,,ea,0.0,0.0,Club Deal,2026-01-09T10:25:43.082337
New World,"Bird & Barrow Free Range Whole Chicken

kg",,11.99,11.99,,ea,0.0,0.0,,2026-01-09T10:25:43.143884
New World,"Harris Farms Dry Cured Middle Eye Bacon

250g",,10.49,10.49,,ea,0.0,0.0,,2026-01-09T10:25:43.176798
New World,"Silver Fern Farms Grass-Fed Venison Steaks

220g",,16.65,16.65,,ea,0.0,0.0,,2026-01-09T10:25:43.211373
New World,"Harris Farms Free Farmed Loin Bacon

250g",,9.79,9.79,,ea,0.0,0.0,,2026-01-09T10:25:43.245784
New World,"Tegel Free Range Crunchy Chicken Burgers

4pk",,9.99,9.99,,ea,0.0,0.0,Club Deal,2026-01-09T10:25:43.276954
New World,"Beard Brothers Old School Pork Sausages

500g",,12.09,12.09,,ea,0.0,0.0,,2026-01-09T10:25:43.310241
New World,"Tegel Free Range Chargrill Chicken Steaks

4pk",,9.99,9.99,,ea,0.0,0.0,Club Deal,2026-01-09T10:25:43.338284
New World,"Bird & Barrow Free Range Chicken Breast Coconut & Lemongrass Kebabs

5pk",,10.99,10.99,,ea,0.0,0.0,,2026-01-09T10:25:43.371375
New World,"Beak & Sons Tender & Smoky Hickory BBQ Pork Ribs

kg",,24.45,24.45,,ea,0.0,0.0,,2026-01-09T10:25:43.400871
New World,"Beak & Sons Chinese BBQ Pork Ribs

kg",,24.45,24.45,,ea,0.0,0.0,,2026-01-09T10:25:43.431038
New World,"Tonzu Organic Vegan Sage & Onion Sausages

300g",,9.99,9.99,,ea,0.0,0.0,Club Deal,2026-01-09T10:25:43.458241
New World,"Beehive Mild Salami Bites

150g",,7.05,7.05,,ea,0.0,0.0,,2026-01-09T10:25:43.491077
New World,"Bostock Brothers 100% Certified Organic Free Range Skinless Chicken Breast

kg",,33.99,33.99,,ea,0.0,0.0,,2026-01-09T10:25:43.523897
New World,"NZ Lamb Leg Chops

kg",,26.99,26.99,,ea,0.0,0.0,,2026-01-09T10:25:43.556608
New World,"Zamora Homemade Ltd German Bratwurst

450g",,15.55,15.55,,ea,0.0,0.0,,2026-01-09T10:25:43.616761
New World,"Harris Farms Smokey T's Smokey BBQ Sausages MAP

450g",,10.29,10.29,,ea,0.0,0.0,,2026-01-09T10:25:43.647394
New World,"Mega Chicken Thighs

kg",,11.59,11.59,,ea,0.0,0.0,,2026-01-09T10:25:43.676814
New World,"Zamora Homemade Ltd The Criollo Sausages

450g",,15.55,15.55,,ea,0.0,0.0,,2026-01-09T10:25:43.709993
New World,"Hellers The Godfather Sausages

6pk",,10.49,10.49,,ea,0.0,0.0,,2026-01-09T10:25:43.739261
New World,"Bostock Brothers 100% Certified Organic Free Range Chicken Nibbles

900g",,14.85,14.85,,ea,0.0,0.0,,2026-01-09T10:25:43.782011
New World,"Beak & Sons Tender & Smoky Apple BBQ Pulled Pork

600g",,23.99,23.99,,ea,0.0,0.0,Club Deal,2026-01-09T10:25:43.813918
New World,"NZ Pork Spare Ribs

kg",,24.99,24.99,,ea,0.0,0.0,,2026-01-09T10:25:43.875452
New World,"Mega Beef Schnitzel

kg",,26.49,26.49,,ea,0.0,0.0,,2026-01-09T10:25:43.904843
New World,"Pams Italian Pork Sausages

450g",,9.25,9.25,,ea,0.0,0.0,,2026-01-09T10:26:01.709645
New World,"Sea Cuisine Crumbed Prawns Butterflied 21/25

250g",,8.09,8.09,,ea,0.0,0.0,,2026-01-09T10:26:01.740496
New World,"Capsicum & Apricot Chicken Mignon

1pk",,5.49,5.49,,ea,0.0,0.0,,2026-01-09T10:26:01.770597
New World,"Bone Out Salmon Fillets

kg",,65.99,65.99,,ea,0.0,0.0,,2026-01-09T10:26:01.800489
New World,"Ghiotti Soppressa Veneta

70g",,8.99,8.99,,ea,0.0,0.0,,2026-01-09T10:26:01.834407
New World,"Chicken Nibbles

kg",,13.49,13.49,,ea,0.0,0.0,,2026-01-09T10:26:01.867859
New World,"Beehive Cheese Frankfurters

800g",,14.36,15.69,,ea,1.33,8.5,Club Deal,2026-01-09T10:26:01.900088
New World,"Zamora Homemade Ltd Chilli Sausages

450g",,15.55,15.55,,ea,0.0,0.0,,2026-01-09T10:26:01.934356
New World,"Harris Farms Dry Cured Streaky Bacon

250g",,11.99,11.99,,ea,0.0,0.0,,2026-01-09T10:26:01.964042
New World,"Hellers Premium Roast Beef

kg",,49.9,49.9,,ea,0.0,0.0,,2026-01-09T10:26:01.997365
New World,"Stir Fry Pork

kg",,26.99,26.99,,ea,0.0,0.0,,2026-01-09T10:26:02.027037
New World,"Fast Fry Beef Porterhouse Steak

kg",,39.99,39.99,,ea,0.0,0.0,Super Saver,2026-01-09T10:26:02.058588
New World,"Ghiotti Chorizo Extra

70g",,8.99,8.99,,ea,0.0,0.0,,2026-01-09T10:26:02.126681
New World,"Bird & Barrow Chicken Mince

kg",,27.99,27.99,,ea,0.0,0.0,,2026-01-09T10:26:02.190403
New World,"Mega Crumbed Beef Schnitzel

kg",,26.49,26.49,,ea,0.0,0.0,,2026-01-09T10:26:02.224224
New World,"Bostock Brothers 100% Certified Organic Free Range Whole Chicken

1.5kg",,29.39,29.39,,ea,0.0,0.0,,2026-01-09T10:26:02.257512
New World,"Bostock Brothers 100% Certified Organic Free Range Chicken Tenders

500g",,15.85,15.85,,ea,0.0,0.0,,2026-01-09T10:26:02.290711
New World,Salmon Fillets Bone-In,,56.99,56.99,,ea,0.0,0.0,,2026-01-09T10:26:02.323808
New World,"Waitoa Free Range Diced Chicken Breast

450g",,14.19,14.19,,ea,0.0,0.0,Club Deal,2026-01-09T10:26:02.351451
New World,"First Light Flat Iron Wagyu Beef Steak

250g",,12.79,12.79,,ea,0.0,0.0,,2026-01-09T10:26:02.390013
New World,"First Light Wagyu Beef Mince

400g",,12.39,12.39,,ea,0.0,0.0,,2026-01-09T10:26:02.423541
New World,"Hutton's 6 Pack Ham Steaks

500g",,9.19,9.19,,ea,0.0,0.0,Club Deal,2026-01-09T10:26:02.455184
New World,"Storemade Premium Beef Sausages

kg",,22.49,22.49,,ea,0.0,0.0,,2026-01-09T10:26:02.502345
New World,"NZ Gravy Beef

kg",,34.59,34.59,,ea,0.0,0.0,,2026-01-09T10:26:02.531762
New World,"Brinks Crumbed Chicken Tenderloins

kg",,23.49,23.49,,ea,0.0,0.0,,2026-01-09T10:26:02.564769
New World,"Beak & Sons Tender & Saucy Bourbon Beef Brisket

600g",,24.99,24.99,,ea,0.0,0.0,,2026-01-09T10:26:02.593935
New World,"Bird & Barrow Diced Chicken Breast

kg",,27.99,27.99,,ea,0.0,0.0,,2026-01-09T10:26:02.624595
New World,"Hellers Crafty Cooks Diced Chorizo

200g",,7.19,7.19,,ea,0.0,0.0,,2026-01-09T10:26:02.657689
New World,"Point End Brisket

kg",,25.99,25.99,,ea,0.0,0.0,,2026-01-09T10:26:02.690625
New World,"Lamb Back Straps

kg",,53.99,53.99,,ea,0.0,0.0,,2026-01-09T10:26:02.723751
New World,"Tegel Free Range Meal Maker Shredded Flame Grilled Style Chicken

100g",,6.19,6.19,,ea,0.0,0.0,,2026-01-09T10:26:02.756682
New World,"Brink's Boneless Chicken Breast Fillet

kg",,15.79,15.79,,ea,0.0,0.0,,2026-01-09T10:26:02.786181
New World,"Sea Cuisine Raw Prawn Cutlets

0.5kg",,16.39,16.39,,ea,0.0,0.0,,2026-01-09T10:26:02.815331
New World,"Waitoa Free Range Chicken Breast Mince

450g",,14.19,14.19,,ea,0.0,0.0,Club Deal,2026-01-09T10:26:02.847718
New World,"Beef Shin On Bone

kg",,24.99,24.99,,ea,0.0,0.0,,2026-01-09T10:26:02.884470
New World,"Verkerks Wagyu Salami

100g",,11.29,11.29,,ea,0.0,0.0,Club Deal,2026-01-09T10:26:02.941787
New World,"Turkish Kitchen Traditional Falafel With Cumin & Coriander

300g",,6.79,6.79,,ea,0.0,0.0,,2026-01-09T10:26:02.974631
New World,"Bostock Brothers 100% Certified Organic Free Range Boneless Chicken Thighs

kg",,41.99,41.99,,ea,0.0,0.0,,2026-01-09T10:26:03.005981
New World,"Plan*t Hemp Chick*n shredded Pieces

250g",,5.2,12.99,,ea,7.79,60.0,Club Deal,2026-01-09T10:26:03.046763
New World,"Martinez Salchichon Spanish Salami

90g",,5.69,5.69,,ea,0.0,0.0,,2026-01-09T10:26:03.082806
New World,"Beak & Sons Mellow & Saucy Smoky Maple Pork Belly

600g",,23.25,23.25,,ea,0.0,0.0,,2026-01-09T10:26:03.112134
New World,"Hellers Craft Jumbo Classic Brats

4pk",,8.99,8.99,,ea,0.0,0.0,Club Deal,2026-01-09T10:26:03.139620
New World,"Verkerks Medium Heat Chorizo

250g",,7.99,7.99,,ea,0.0,0.0,,2026-01-09T10:26:03.172655
New World,"Mega Chicken Wings

kg",,10.79,10.79,,ea,0.0,0.0,,2026-01-09T10:26:03.201812
New World,"First Light Wagyu Beef Meatballs

400g",,15.49,15.49,,ea,0.0,0.0,,2026-01-09T10:26:03.230870
New World,"United Fish Co Oven Ready Coconut Crumbed Prawns

250g",,9.69,9.69,,ea,0.0,0.0,,2026-01-09T10:26:03.260067
New World,"Harris Farms Lamb, Herb n Manuka Sausages MAP

400g",,10.29,10.29,,ea,0.0,0.0,,2026-01-09T10:26:03.290087
New World,"Hellers Shaved Silverside

kg",,39.9,39.9,,ea,0.0,0.0,,2026-01-09T10:26:19.680372
New World,"Hellers 12 Classic Pre-Cooked Sausages

800g",,9.99,9.99,,ea,0.0,0.0,Club Deal,2026-01-09T10:26:19.745001
New World,"Bird & Barrow Free Range Chicken Drums

kg",,11.39,11.39,,ea,0.0,0.0,,2026-01-09T10:26:19.778107
New World,"Thomson West Coast Bacon Dry Cured & Smoked Streaky Bacon

250g",,8.49,8.49,,ea,0.0,0.0,,2026-01-09T10:26:19.810739
New World,"Beef Ribeye Roast

kg",,49.49,49.49,,ea,0.0,0.0,,2026-01-09T10:26:19.839899
New World,"Bostock Brothers 100% Certified Organic Free Range Chicken Mince

400g",,13.19,13.19,,ea,0.0,0.0,,2026-01-09T10:26:19.901503
New World,"Martinez Picante Pepperoni Salami

90g",,5.69,5.69,,ea,0.0,0.0,,2026-01-09T10:26:19.934873
New World,"Tegel Free Range Southern Style Chicken Tenders

8pk",,9.99,9.99,,ea,0.0,0.0,Club Deal,2026-01-09T10:26:19.963161
New World,"Beef Tri Tip Rump Tails

kg",,33.99,33.99,,ea,0.0,0.0,,2026-01-09T10:26:19.995940
New World,"First Light Wagyu Beef Sliders

400g",,15.49,15.49,,ea,0.0,0.0,,2026-01-09T10:26:20.025441
New World,"100% NZ Free Farmed Shaved Ham

kg",,37.9,37.9,,ea,0.0,0.0,,2026-01-09T10:26:20.054706
New World,"Pork Mignon

1pk",,6.99,6.99,,ea,0.0,0.0,,2026-01-09T10:26:20.087653
New World,"Ghiotti L'Autentico Prosciutto

80g",,9.99,9.99,,ea,0.0,0.0,,2026-01-09T10:26:20.120832
New World,"Zamora Homemade Ltd Fennel Sausages

400g",,15.55,15.55,,ea,0.0,0.0,,2026-01-09T10:26:20.155582
New World,"Beef Sirloin Roast

ea",,41.49,41.49,,ea,0.0,0.0,,2026-01-09T10:26:20.185088
New World,"Diced Lamb

kg",,40.49,40.49,,ea,0.0,0.0,,2026-01-09T10:26:20.217911
New World,"Tegel Tempura Battered Chicken Nuggets

400g",,9.99,9.99,,ea,0.0,0.0,Club Deal,2026-01-09T10:26:20.248966
New World,"First Light Perfectly Aged Wagyu Beef Ribeye

170g",,20.99,20.99,,ea,0.0,0.0,,2026-01-09T10:26:20.281932
New World,"Primo Smallgoods Kransky

200g",,6.65,6.65,,ea,0.0,0.0,,2026-01-09T10:26:20.315087
New World,"United Fish Co Oven Ready Salt & Pepper Battered Prawns

250g",,9.69,9.69,,ea,0.0,0.0,,2026-01-09T10:26:20.344455
New World,"Turkish Kitchen Fresh Basil Falafel With Lime

300g",,6.79,6.79,,ea,0.0,0.0,,2026-01-09T10:26:20.374882
New World,"Hellers Craft Sliced Barbecue Chicken

250g",,11.85,11.85,,ea,0.0,0.0,,2026-01-09T10:26:20.403904
New World,"Pams Spiced Beef Mini Meatballs

400g",,11.85,11.85,,ea,0.0,0.0,Club Deal,2026-01-09T10:26:20.431201
New World,"United Fish Co Oven Ready Hot & Spicy Battered Prawns

250g",,9.69,9.69,,ea,0.0,0.0,,2026-01-09T10:26:20.464050
New World,"Beard Brothers Beef & Blue Cheese Sausages

500g",,12.09,12.09,,ea,0.0,0.0,,2026-01-09T10:26:20.493135
New World,"Waitoa Free Range Chicken Drumsticks

kg",,11.49,11.49,,ea,0.0,0.0,,2026-01-09T10:26:20.522294
New World,"Plan*t Spicy Chorizo Sausages

275g",,11.95,11.95,,ea,0.0,0.0,Club Deal,2026-01-09T10:26:20.553570
New World,"Bird & Barrow Free Range Chicken Breast Satay Kebabs

5pk",,10.99,10.99,,ea,0.0,0.0,,2026-01-09T10:26:20.586621
New World,"Pams Sweet & Smokey Pork Mini Meatballs

400g",,11.85,11.85,,ea,0.0,0.0,Club Deal,2026-01-09T10:26:20.619014
New World,"Plan*t Smokey Chipotle Burger Patties

230g",,9.99,9.99,,ea,0.0,0.0,Club Deal,2026-01-09T10:26:20.650135
New World,"Chicken Thighs

kg",,12.59,12.59,,ea,0.0,0.0,,2026-01-09T10:26:20.682971
New World,"NZ Lamb Spare Ribs

kg",,27.99,27.99,,ea,0.0,0.0,,2026-01-09T10:26:20.715903
New World,"Sealord Shrimp & Surimi Salad

kg",,19.99,19.99,,ea,0.0,0.0,,2026-01-09T10:26:20.748481
New World,"Martinez Chorizo Extra Cured Sausages

120g",,7.35,7.35,,ea,0.0,0.0,,2026-01-09T10:26:20.777297
New World,"Hellers Manuka Smoked Shoulder Bacon

600g",,9.99,9.99,,ea,0.0,0.0,,2026-01-09T10:26:20.807545
New World,"Henderson's Streaky Bacon

300g",,13.19,13.19,,ea,0.0,0.0,,2026-01-09T10:26:20.866686
New World,"Farmland Cooked Beef Tongue

kg",,67.9,67.9,,ea,0.0,0.0,,2026-01-09T10:26:20.899345
New World,"Chicken Tenderloins

kg",,23.49,23.49,,ea,0.0,0.0,,2026-01-09T10:26:20.930354
New World,"United Fish Co Tangyang Crispy Squid

400g",,12.09,12.09,,ea,0.0,0.0,Club Deal,2026-01-09T10:26:20.961206
New World,"First Light 21 Day Aged (At Least) Wagyu Beef Rump

250g",,15.79,15.79,,ea,0.0,0.0,,2026-01-09T10:26:20.994038
New World,"Beard Brothers Rum & Que Pitmaster Series Pork Rib Rocker Sausages

500g",,12.09,12.09,,ea,0.0,0.0,,2026-01-09T10:26:21.030681
New World,"Freedom Farms Champagne Half Ham

kg",,29.99,29.99,,ea,0.0,0.0,,2026-01-09T10:26:21.060258
New World,"Leckies Beef Flavoured Sausages

kg",,15.49,15.49,,ea,0.0,0.0,,2026-01-09T10:26:21.093045
New World,"Farmland Pastrami

kg",,54.9,54.9,,ea,0.0,0.0,,2026-01-09T10:26:21.122203
New World,"Shore Mariner Cooked Vannamei Whole Prawns

400g",,17.59,17.59,,ea,0.0,0.0,,2026-01-09T10:26:21.151356
New World,"Beard Brothers Rum & Que Pitmaster Series Venison Ram Rod Sausages

500g",,12.09,12.09,,ea,0.0,0.0,,2026-01-09T10:26:21.180568
New World,"Plan*t Rich Savoury Ground Mince

300g",,9.99,9.99,,ea,0.0,0.0,Club Deal,2026-01-09T10:26:21.207828
New World,"Harris Farms German Bratwurst

450g",,10.29,10.29,,ea,0.0,0.0,,2026-01-09T10:26:38.849068
New World,"Ghiotti Fiesta Italiana

85g",,12.99,12.99,,ea,0.0,0.0,,2026-01-09T10:26:38.878986
New World,"Martinez Pancetta Premium Bacon

90g",,8.05,8.05,,ea,0.0,0.0,,2026-01-09T10:26:38.911966
New World,"Shore Mariner Panko Crumbed Prawn Bites

375g",,14.19,14.19,,ea,0.0,0.0,,2026-01-09T10:26:38.951017
New World,"Shore Mariner Crumbed Formed Squid Rings

450g",,8.75,8.75,,ea,0.0,0.0,,2026-01-09T10:26:38.980355
New World,"Ghiotti Fiesta Espanola

85g",,12.99,12.99,,ea,0.0,0.0,,2026-01-09T10:26:39.009411
New World,"Silver Fern Farms New Zealand Grass-Fed Lamb Medallions

400g",,21.35,21.35,,ea,0.0,0.0,,2026-01-09T10:26:39.038834
New World,"Plan*t Crispy Chick*n Burger Patties

230g",,9.99,9.99,,ea,0.0,0.0,Club Deal,2026-01-09T10:26:39.070052
New World,"Holland House Rollmops

500g",,10.55,10.55,,ea,0.0,0.0,,2026-01-09T10:26:39.103958
New World,"Plan*t Tasty Sage & Onion Sausages

275g",,11.95,11.95,,ea,0.0,0.0,Club Deal,2026-01-09T10:26:39.131461
New World,"Verkerks Danish Salami

kg",,39.9,39.9,,ea,0.0,0.0,,2026-01-09T10:26:39.165412
New World,"Thomson West Coast Bacon Tennessee Hog (Bourbon) Bacon

250g",,8.49,8.49,,ea,0.0,0.0,,2026-01-09T10:26:39.195203
New World,"Henderson's Middle Bacon

300g",,13.99,13.99,,ea,0.0,0.0,,2026-01-09T10:26:39.228084
New World,"Verkerks Pepperoni

kg",,39.9,39.9,,ea,0.0,0.0,,2026-01-09T10:26:39.261404
New World,"Farmland Cooked Hot Beef

kg",,54.9,54.9,,ea,0.0,0.0,,2026-01-09T10:26:39.290852
New World,"Silver Fern Farms New Zealand Grass-Fed Beef Medallions

400g",,21.35,21.35,,ea,0.0,0.0,,2026-01-09T10:26:39.320635
New World,"Sea Cuisine Vannamei 41/50 Whole Raw Prawns

0.8kg",,24.35,24.35,,ea,0.0,0.0,,2026-01-09T10:26:39.353750
New World,"Brinks Sweet Spiracha Chilli Glaze Chicken Kebab

5pk",,9.89,9.89,,ea,0.0,0.0,Club Deal,2026-01-09T10:26:39.386683
New World,"First Light Perfectly Aged Wagyu Beef Porterhouse

170g",,19.99,19.99,,ea,0.0,0.0,,2026-01-09T10:26:39.420142
New World,"Brinks Malaysian Satay Chicken Kebab

5pk",,9.89,9.89,,ea,0.0,0.0,Club Deal,2026-01-09T10:26:39.451434
New World,"Royal Chicken Roast

1pk",,21.99,21.99,,ea,0.0,0.0,,2026-01-09T10:26:39.484316
New World,"Thomson West Coast Bacon Dry Cure & Smoked Middle Bacon

500g",,15.49,15.49,,ea,0.0,0.0,,2026-01-09T10:26:39.513684
New World,"Brinks Chinese Honey Soy Chicken Kebab

5pk",,9.89,9.89,,ea,0.0,0.0,Club Deal,2026-01-09T10:26:39.541112
New World,"De Gustibus Crudo Prosciutto

70g",,8.49,8.49,,ea,0.0,0.0,,2026-01-09T10:26:39.573887
New World,"United Fish Co Garlic & Herb Butterflied Prawns

800g",,29.89,29.89,,ea,0.0,0.0,,2026-01-09T10:26:39.608081
New World,"Verkerks Italian Salami

kg",,39.9,39.9,,ea,0.0,0.0,,2026-01-09T10:26:39.637358
New World,"Heavensent Meatless Vegetairian Dry Kofta Mix Meal Kit

220g",,7.65,7.65,,ea,0.0,0.0,,2026-01-09T10:26:39.695345
New World,"Pams Corned Pork Silverside

kg",,19.95,19.95,,ea,0.0,0.0,,2026-01-09T10:26:39.724671
New World,"First Light Slow Cooked Soy & Sesame Wagyu Shank

400g",,19.25,19.25,,ea,0.0,0.0,,2026-01-09T10:26:39.754089
New World,"Quorn Meat -Free Sausages

336g",,11.29,11.29,,ea,0.0,0.0,,2026-01-09T10:26:39.784108
New World,"Leckies Swiss Roll

kg",,16.39,16.39,,ea,0.0,0.0,,2026-01-09T10:26:39.814366
New World,"Sea Cuisine Cooked Whole Prawns Vannamei 21/25

800g",,29.65,29.65,,ea,0.0,0.0,,2026-01-09T10:26:39.843998
New World,"Leckies White Pudding

kg",,17.99,17.99,,ea,0.0,0.0,,2026-01-09T10:26:39.876617
New World,"Ceres Organics Lentil & Black Sesame Burger Mix

160g",,6.05,6.05,,ea,0.0,0.0,,2026-01-09T10:26:39.905717
New World,"Ceres Organics Herb Fritter Mix

160g",,6.05,6.05,,ea,0.0,0.0,,2026-01-09T10:26:39.934604
New World,"De Gustibus Prosciutto Smoked

70g",,8.49,8.49,,ea,0.0,0.0,,2026-01-09T10:26:39.963607
New World,"Heavensent Meatless Vegetarian Mince Mix Meal Kit

220g",,7.65,7.65,,ea,0.0,0.0,,2026-01-09T10:26:39.996240
New World,"Casa Modena Pork Shank

650g",,17.99,17.99,,ea,0.0,0.0,,2026-01-09T10:26:40.026275
New World,"Sea Breeze White Basa Fish Fillets Skinned & Boned

1kg",,11.49,11.49,,ea,0.0,0.0,,2026-01-09T10:26:40.057604
New World,"Ghiotti Mortadella With Truffle

70g",,6.99,6.99,,ea,0.0,0.0,,2026-01-09T10:26:40.090311
New World,"Gianni Negrini Salame With Truffle

125g",,11.99,11.99,,ea,0.0,0.0,,2026-01-09T10:26:40.119234
New World,"Ghiotti Chorizo Hot Sarta

200g",,11.99,11.99,,ea,0.0,0.0,,2026-01-09T10:26:40.151771
New World,"Gathered Game Wild Venison Garlic Pepper Salami

100g",,14.99,14.99,,ea,0.0,0.0,,2026-01-09T10:26:40.195042
New World,"De Gustibus Salame Emiliano

70g",,7.99,7.99,,ea,0.0,0.0,,2026-01-09T10:26:40.224481
New World,"Pams Finest Fresh New Zealand Butterflied Whole Duck

1.5kg",,33.35,33.35,,ea,0.0,0.0,,2026-01-09T10:26:40.258619
New World,"Shore Mariner Squid Tentacles

500g",,10.15,10.15,,ea,0.0,0.0,,2026-01-09T10:26:40.291784
New World,"Shore Mariner Raw Vannamei 21/25 Prawn Cutlets

1kg",,33.35,33.35,,ea,0.0,0.0,,2026-01-09T10:26:40.327968
New World,"Westhaven New Zealand Littleneck Clams

1kg",,23.29,23.29,,ea,0.0,0.0,,2026-01-09T10:26:40.361333
New World,"De Gustibus Salame With Truffle

70g",,9.99,9.99,,ea,0.0,0.0,,2026-01-09T10:26:40.390708
New World,"NZ Pork Rack

kg",,24.99,24.99,,ea,0.0,0.0,,2026-01-09T10:26:56.562406
New World,"Fresh Chicken Skins

kg",,8.99,8.99,,ea,0.0,0.0,,2026-01-09T10:26:56.599329
New World,"Gathered Game Wild Venison Smoked Paprika Salami

100g",,16.99,16.99,,ea,0.0,0.0,,2026-01-09T10:26:56.635881
New World,"Birds Eye Plant Based Wholemeal Crumb Chicken Style Tenders

300g",,14.69,14.69,,ea,0.0,0.0,,2026-01-09T10:26:56.668469
New World,"De Gustibus Chorizo

70g",,7.99,7.99,,ea,0.0,0.0,,2026-01-09T10:26:56.704859
New World,"Gathered Game Wild Venison Smoked Paprika Salami

100g",,16.99,16.99,,ea,0.0,0.0,,2026-01-09T10:26:56.803751
New World,"De Gustibus Pancetta With Pepper

70g",,7.99,7.99,,ea,0.0,0.0,,2026-01-09T10:26:56.878799
New World,"Hellers Craft Spanish Chorizo Smoked Sausages

450g",,11.99,11.99,,ea,0.0,0.0,Club Deal,2026-01-09T10:26:56.932292
New World,"Plan*t Classic Grillhouse Burger Patties

230g",,9.99,9.99,,ea,0.0,0.0,Club Deal,2026-01-09T10:26:56.968038
New World,"Silver Fern Farms Honest Beef & Lamb Burgers With A Hint Of Manuka Smoked Salt

500g",,15.25,15.25,,ea,0.0,0.0,Club Deal,2026-01-09T10:26:57.002676
New World,"De Gustibus Pepperoni Salame

100g",,7.99,7.99,,ea,0.0,0.0,,2026-01-09T10:26:57.039613
New World,"Gianni Negrini Mild Strolghino Salame

125g",,11.99,11.99,,ea,0.0,0.0,,2026-01-09T10:26:57.080387
New World,"Tegel Free Range Oven Ready Sage & Onion Roast Fresh Chicken

1.5kg",,20.55,20.55,,ea,0.0,0.0,,2026-01-09T10:26:57.132552
New World,"Tegel Free Range Oven Ready Homestyle Fresh Chicken

1.5kg",,20.55,20.55,,ea,0.0,0.0,,2026-01-09T10:26:57.172569
New World,"Hellers Cheese Kranksy Smoked Sausages

450g",,11.99,11.99,,ea,0.0,0.0,Club Deal,2026-01-09T10:26:57.211473
New World,"Thigh Cutlets

kg",,17.29,17.29,,ea,0.0,0.0,,2026-01-09T10:26:57.252494
New World,"Pams Honey Soy Chicken Kebabs

275g",,6.49,6.49,,ea,0.0,0.0,,2026-01-09T10:26:57.292714
New World,"Pams Mexican Chicken Kebabs

275g",,6.49,6.49,,ea,0.0,0.0,,2026-01-09T10:26:57.331835
New World,"Tonzu Smokey BBQ Plant-Based Burger Patties

300g",,9.99,9.99,,ea,0.0,0.0,Club Deal,2026-01-09T10:26:57.376491
New World,"Harris Farms Pork Jalapeno 'n Cheddar Sausage

420g",,10.29,10.29,,ea,0.0,0.0,,2026-01-09T10:26:57.415609
New World,"First Light Wagyu Beef Brisket Burger

300g",,11.29,11.29,,ea,0.0,0.0,,2026-01-09T10:26:57.450217
New World,"Pams Sage & Onion Stuffed Chicken Oven Ready

1.5kg",,17.99,17.99,,ea,0.0,0.0,,2026-01-09T10:26:57.487169
New World,"Pams Original Chicken Oven Ready

1.5kg",,17.99,17.99,,ea,0.0,0.0,,2026-01-09T10:26:57.525929
New World,"Pams Summer Roast Garlic & Lemon Chicken

1.5kg",,15.59,15.59,,ea,0.0,0.0,,2026-01-09T10:26:57.560413
New World,"Pams Mexican Butterflied Chicken

1.35kg",,13.79,13.79,,ea,0.0,0.0,,2026-01-09T10:26:57.595228
New World,"Pams Garlic Lemon & Herb Butterflied Chicken

1.35kg",,13.79,13.79,,ea,0.0,0.0,,2026-01-09T10:26:57.630058
New World,"Silver Fern Farms Beef and Venison with Chilli and Lime Burgers

500g",,15.25,15.25,,ea,0.0,0.0,Club Deal,2026-01-09T10:26:57.664137
New World,"Beard Brothers Beef, Bacon & Chunky Cheese Precooked Sausages

1kg",,19.39,19.39,,ea,0.0,0.0,,2026-01-09T10:26:57.702688
New World,"Pams Spicy BBQ Pork Ribs

600g",,12.79,12.79,,ea,0.0,0.0,,2026-01-09T10:26:57.736604
New World,"Pams Smoky BBQ Pork Ribs

600g",,12.79,12.79,,ea,0.0,0.0,,2026-01-09T10:26:57.770613
New World,"Beard Brothers Inspired Pork & Leek Sausages

500g",,12.09,12.09,,ea,0.0,0.0,,2026-01-09T10:26:57.804662
New World,"Harris Farms Beef N Pork Mince

400g",,9.99,9.99,,ea,0.0,0.0,Club Deal,2026-01-09T10:26:57.836498
New World,"Harris Farms Beef Mince

400g",,9.99,9.99,,ea,0.0,0.0,Club Deal,2026-01-09T10:26:57.875424
New World,"Harris Farms Pork Mince

400g",,9.99,9.99,,ea,0.0,0.0,Club Deal,2026-01-09T10:26:57.917303
New World,"Harris Farms Beef Burger Patties MAP

320g",,10.49,10.49,,ea,0.0,0.0,Club Deal,2026-01-09T10:26:57.957139
New World,"John West Chunk Style Tuna In Olive Oil Blend

12 x 95g",,19.99,19.99,,ea,0.0,0.0,,2026-01-09T10:26:57.995342
New World,"John West Chunk Style Tuna in Springwater

12 x 95g",,19.99,19.99,,ea,0.0,0.0,,2026-01-09T10:26:58.028674
New World,"Hellers Beef Mince

380g",,10.99,10.99,,ea,0.0,0.0,Club Deal,2026-01-09T10:26:58.060429
New World,"Hellers Pork Mince

400g",,10.99,10.99,,ea,0.0,0.0,Club Deal,2026-01-09T10:26:58.096480
New World,"Fry's Plant-Based Vegan Steak-style Strips

250g",,10.99,10.99,,ea,0.0,0.0,,2026-01-09T10:26:58.232051
New World,"Fry's Plant-Based Vegan Popcorn Chick'n

270g",,10.99,10.99,,ea,0.0,0.0,,2026-01-09T10:26:58.265836
New World,"Tegel Garlic & Herb Butterflied New Zealand Chicken

1.35kg",,16.49,16.49,,ea,0.0,0.0,,2026-01-09T10:26:58.299985
New World,"Tegel Free Range New Zealand Chicken Original Sausages

6pk",,7.69,7.69,,ea,0.0,0.0,,2026-01-09T10:26:58.332956
New World,"Tegel Free Range New Zealand Chicken Garlic & Herb Sausages

6pk",,7.69,7.69,,ea,0.0,0.0,,2026-01-09T10:26:58.367130
New World,"Tegel Free Range New Zealand Chicken Classic Cheese Sausages

6pk",,7.69,7.69,,ea,0.0,0.0,,2026-01-09T10:26:58.401171
New World,"Beard Brothers Precooked Sausages

1kg",,14.75,14.75,,ea,0.0,0.0,,2026-01-09T10:26:58.436684
New World,"Waitoa BBQ Free Range Butterflied Chicken

1.1kg",,15.25,15.25,,ea,0.0,0.0,,2026-01-09T10:26:58.471460
New World,"Primo Smallgoods Danish Salami

200g",,10.49,10.49,,ea,0.0,0.0,Club Deal,2026-01-09T10:27:16.317080
New World,"Primo Smallgoods Hot Sopressa Salami

200g",,10.49,10.49,,ea,0.0,0.0,Club Deal,2026-01-09T10:27:16.355653
New World,"Primo Smallgoods Pepperoni Salami

200g",,10.49,10.49,,ea,0.0,0.0,Club Deal,2026-01-09T10:27:16.392518
New World,"United Fish Co Baby Octopus

400g",,10.79,10.79,,ea,0.0,0.0,,2026-01-09T10:27:16.433212
New World,"Hellers Craft Beer & Porter Sausages

6pk",,10.99,10.99,,ea,0.0,0.0,,2026-01-09T10:27:16.473425
New World,"Hellers Craft Homegrown Lamb Sausages

6pk",,10.99,10.99,,ea,0.0,0.0,,2026-01-09T10:27:16.517696
New World,"Mince Pork

kg",,22.89,22.89,,ea,0.0,0.0,,2026-01-09T10:27:16.556960
New World,"Pams Value Raw Prawn Meat Pieces

500g",,10.99,10.99,,ea,0.0,0.0,,2026-01-09T10:27:16.598196
New World,"Silver Fern Farms Honest Beef Burgers With Smokey Caramelised Onion

500g",,15.25,15.25,,ea,0.0,0.0,Club Deal,2026-01-09T10:27:16.635775
New World,"Pams Angus Beef Burger Patties

400g",,13.09,13.09,,ea,0.0,0.0,,2026-01-09T10:27:16.671665
New World,"Bird & Barrow Free Range Cheese Crumb Schnitzel

kg",,27.49,27.49,,ea,0.0,0.0,,2026-01-09T10:27:16.704249
New World,"Bird & Barrow Free Range Rosemary Ciabatta Crumb Schnitzel

kg",,27.49,27.49,,ea,0.0,0.0,,2026-01-09T10:27:16.739405
New World,"United Fish Co New Zealand Greenshell Mussels Raw Whole Shell.

1kg",,7.29,7.29,,ea,0.0,0.0,,2026-01-09T10:27:16.772558
New World,"Pams Shredded Roast Chicken

260g",,9.25,9.25,,ea,0.0,0.0,,2026-01-09T10:27:16.811406
New World,"Pams Sliced Cajun Chicken

260g",,9.25,9.25,,ea,0.0,0.0,,2026-01-09T10:27:16.846582
New World,"Hellers Craft Shredded Kentucky Chicken

250g",,11.85,11.85,,ea,0.0,0.0,,2026-01-09T10:27:17.038366
New World,"Harris Farms Beef Meatballs

360g",,10.69,10.69,,ea,0.0,0.0,,2026-01-09T10:27:17.073657
New World,"Chicken Mini Roast SO & BCN

1pk",,5.99,5.99,,ea,0.0,0.0,,2026-01-09T10:27:17.108783
New World,"Pams Frankfurters

1kg",,9.99,9.99,,ea,0.0,0.0,,2026-01-09T10:27:17.188129
New World,"Brink's Smoked Boneless Chicken Breast

1kg",,26.49,26.49,,ea,0.0,0.0,,2026-01-09T10:27:17.278951
New World,"Southern Ocean New Zealand King Salmon Pieces

150g",,13.49,13.49,,ea,0.0,0.0,,2026-01-09T10:27:17.342725
PAK'nSAVE,"Prime Beef Mince

kg",,21.99,21.99,21.99,kg,0.0,0.0,,2026-01-09T10:27:45.168713
PAK'nSAVE,"NZ Chicken Drumsticks

kg",,5.79,5.79,5.79,kg,0.0,0.0,EXTRA,2026-01-09T10:27:45.200490
PAK'nSAVE,"NZ Premium Beef Mince

kg",,26.99,26.99,26.99,kg,0.0,0.0,,2026-01-09T10:27:45.245826
PAK'nSAVE,"Beef Rump Steak

kg",,26.79,26.79,26.79,kg,0.0,0.0,EXTRA,2026-01-09T10:27:45.280907
PAK'nSAVE,"Pork Leg

kg",,9.99,9.99,9.99,kg,0.0,0.0,EXTRA,2026-01-09T10:27:45.322097
PAK'nSAVE,"NZ Pork Shoulder Roast

kg",,10.99,10.99,10.99,kg,0.0,0.0,,2026-01-09T10:27:45.358992
PAK'nSAVE,"Chicken Nibbles

kg",,12.29,12.29,12.29,kg,0.0,0.0,,2026-01-09T10:27:45.424964
PAK'nSAVE,"NZ Pork Loin Chops

kg",,16.99,16.99,16.99,kg,0.0,0.0,,2026-01-09T10:27:45.456560
PAK'nSAVE,"Pams Streaky Bacon

250g",,5.99,5.99,23.96,ea,0.0,0.0,EVERYDAY,2026-01-09T10:27:45.488066
PAK'nSAVE,"NZ Beef Porterhouse Steak

kg",,40.49,40.49,40.49,kg,0.0,0.0,,2026-01-09T10:27:45.525816
PAK'nSAVE,"NZ Pork Mince

kg",,17.99,17.99,17.99,kg,0.0,0.0,,2026-01-09T10:27:45.564985
PAK'nSAVE,"Vacuum Packed Whole Lamb Leg

kg",,22.99,22.99,22.99,kg,0.0,0.0,,2026-01-09T10:27:45.643030
PAK'nSAVE,"Beef Scotch Fillet Steak

kg",,47.49,47.49,47.49,kg,0.0,0.0,,2026-01-09T10:27:45.677988
PAK'nSAVE,"Skinless Chicken Breast Fillets

kg",,15.29,15.29,15.29,kg,0.0,0.0,,2026-01-09T10:27:45.710392
PAK'nSAVE,"Chicken Drumsticks

kg",,5.79,5.79,5.79,kg,0.0,0.0,EXTRA,2026-01-09T10:27:45.868224
PAK'nSAVE,"Beehive Shaved Champagne Ham

200g",,7.85,7.85,39.25,ea,0.0,0.0,,2026-01-09T10:27:45.930688
PAK'nSAVE,"Beehive Streaky Bacon

800g",,16.79,16.79,20.99,ea,0.0,0.0,EXTRA,2026-01-09T10:27:45.969395
PAK'nSAVE,"Ingham's Garlic & Herb Butterfly Chicken

1.1kg",,11.49,11.49,10.45,ea,0.0,0.0,EXTRA,2026-01-09T10:27:46.040648
PAK'nSAVE,"Pork Bones

kg",,9.99,9.99,9.99,kg,0.0,0.0,,2026-01-09T10:27:46.068797
PAK'nSAVE,"NZ Beef Schnitzel

kg",,25.49,25.49,25.49,kg,0.0,0.0,,2026-01-09T10:27:46.134100
PAK'nSAVE,"Tegel Fresh Whole Chicken

1.7kg",,19.99,19.99,11.76,ea,0.0,0.0,,2026-01-09T10:27:46.171344
PAK'nSAVE,"Pieter's Dutch Salami

250g",,5.79,5.79,23.16,ea,0.0,0.0,EXTRA,2026-01-09T10:27:46.208435
PAK'nSAVE,"Hellers Trusty BBQ Pre-Cooked Sausages

1kg",,11.99,11.99,11.99,ea,0.0,0.0,,2026-01-09T10:27:46.271604
PAK'nSAVE,"Hellers Shaved Manuka Smoked Ham

200g",,5.49,5.49,27.45,ea,0.0,0.0,EXTRA,2026-01-09T10:27:46.332562
PAK'nSAVE,"Hellers Chunky Cheese Sausages

1kg",,11.79,11.79,11.79,ea,0.0,0.0,EXTRA,2026-01-09T10:27:46.490936
PAK'nSAVE,"Beehive Streaky Bacon

250g",,7.29,7.29,29.16,ea,0.0,0.0,EXTRA,2026-01-09T10:27:46.524683
PAK'nSAVE,"Pieter's Pepperoni Salami

250g",,5.79,5.79,23.16,ea,0.0,0.0,EXTRA,2026-01-09T10:27:46.591196
PAK'nSAVE,"Hellers Chinese Honey Sausages

1kg",,11.79,11.79,11.79,ea,0.0,0.0,EXTRA,2026-01-09T10:27:46.624368
PAK'nSAVE,"Pieter's Danish Salami

250g",,5.79,5.79,23.16,ea,0.0,0.0,EXTRA,2026-01-09T10:27:46.652433
PAK'nSAVE,"Boneless Chicken Thigh Fillets

kg",,23.29,23.29,23.29,kg,0.0,0.0,,2026-01-09T10:27:46.680513
PAK'nSAVE,"Beehive Shaved Honey Baked Ham

2 x 100g",,7.85,7.85,39.25,ea,0.0,0.0,,2026-01-09T10:27:46.707277
PAK'nSAVE,"Hellers Manuka Smoked Streaky Bacon

250g",,7.65,7.65,30.6,ea,0.0,0.0,,2026-01-09T10:27:46.735209
PAK'nSAVE,"NZ Chicken Necks

kg",,7.99,7.99,7.99,kg,0.0,0.0,,2026-01-09T10:27:46.764165
PAK'nSAVE,"Pieter's Italian Salami

250g",,5.79,5.79,23.16,ea,0.0,0.0,EXTRA,2026-01-09T10:27:46.791985
PAK'nSAVE,"Hellers Cocktail Saveloys

kg",,13.99,13.99,13.99,kg,0.0,0.0,,2026-01-09T10:27:46.818553
PAK'nSAVE,"Wilson Hellaby Corned Silverside

kg",,18.99,18.99,18.99,kg,0.0,0.0,,2026-01-09T10:27:46.842047
PAK'nSAVE,"Chicken Frames

kg",,7.29,7.29,7.29,kg,0.0,0.0,,2026-01-09T10:27:46.895716
PAK'nSAVE,"Pams Streaky Bacon

500g",,11.79,11.79,23.58,ea,0.0,0.0,,2026-01-09T10:28:03.565644
PAK'nSAVE,"Harris Farms Prime Beef Mince

500g",,11.49,11.49,22.98,ea,0.0,0.0,,2026-01-09T10:28:03.591936
PAK'nSAVE,"Harris Farms Corned Silverside Beef

kg",,19.49,19.49,19.49,kg,0.0,0.0,,2026-01-09T10:28:03.617847
PAK'nSAVE,"Waitoa Manuka Honey & Rosemary Chicken

1.1kg",,14.99,14.99,13.63,ea,0.0,0.0,,2026-01-09T10:28:03.644302
PAK'nSAVE,"Crumbed Beef Schnitzel

kg",,25.49,25.49,25.49,kg,0.0,0.0,,2026-01-09T10:28:03.670817
PAK'nSAVE,"Chicken Nibbles

kg",,12.29,12.29,12.29,kg,0.0,0.0,,2026-01-09T10:28:03.693768
PAK'nSAVE,"NZ Pork Shoulder Chops

kg",,14.49,14.49,14.49,kg,0.0,0.0,,2026-01-09T10:28:03.720064
PAK'nSAVE,"Hellers Manuka Smoked Rasher Bacon

800g",,13.49,13.49,16.86,ea,0.0,0.0,EXTRA,2026-01-09T10:28:03.779136
PAK'nSAVE,"Beehive Mini Cheese Kransky Sausages

800g",,13.85,13.85,17.31,ea,0.0,0.0,,2026-01-09T10:28:03.808613
PAK'nSAVE,"Ingham's Butterfly Chicken Tandoori

1.1kg",,11.49,11.49,10.45,ea,0.0,0.0,EXTRA,2026-01-09T10:28:03.831306
PAK'nSAVE,"Pieter's Spanish Chorizo Salami

250g",,5.79,5.79,23.16,ea,0.0,0.0,EXTRA,2026-01-09T10:28:03.861248
PAK'nSAVE,"Pork Hock

1pk",,9.99,9.99,,ea,0.0,0.0,,2026-01-09T10:28:03.886362
PAK'nSAVE,"Pams Shoulder Bacon

400g",,6.29,6.29,15.73,ea,0.0,0.0,EVERYDAY,2026-01-09T10:28:03.912691
PAK'nSAVE,"NZ Fresh Bone-In Pork Belly

kg",,23.89,23.89,23.89,kg,0.0,0.0,,2026-01-09T10:28:03.942194
PAK'nSAVE,"Hellers London Pride Sausages

6pk",,10.29,10.29,,ea,0.0,0.0,,2026-01-09T10:28:03.967422
PAK'nSAVE,"Hellers Cheese & Bacon Sausages

1kg",,11.79,11.79,11.79,ea,0.0,0.0,EXTRA,2026-01-09T10:28:03.990820
PAK'nSAVE,"Hellers Classic Family Cheerios

1kg",,11.99,11.99,11.99,ea,0.0,0.0,,2026-01-09T10:28:04.037459
PAK'nSAVE,"Hellers New Yorker Porker Sausages

6pk",,10.29,10.29,,ea,0.0,0.0,,2026-01-09T10:28:04.132937
PAK'nSAVE,"Hellers Gluten Free Original Sausages

1kg",,11.79,11.79,11.79,ea,0.0,0.0,EXTRA,2026-01-09T10:28:04.155437
PAK'nSAVE,"Hellers Craft Angus Beef Sausages

6pk",,10.49,10.49,,ea,0.0,0.0,EXTRA,2026-01-09T10:28:04.212657
PAK'nSAVE,"Hellers Manuka Smoked Bacon Pieces

500g",,6.39,6.39,12.78,ea,0.0,0.0,EXTRA,2026-01-09T10:28:04.238735
PAK'nSAVE,"NZ Beef Bolar Roast

kg",,27.99,27.99,27.99,kg,0.0,0.0,,2026-01-09T10:28:04.268348
PAK'nSAVE,"Hellers Genuine Pork Sausages

6pk",,10.29,10.29,,ea,0.0,0.0,,2026-01-09T10:28:04.293438
PAK'nSAVE,"Pams Middle Bacon

350g",,6.29,6.29,17.97,ea,0.0,0.0,EVERYDAY,2026-01-09T10:28:04.315934
PAK'nSAVE,"Ingham Sweet & Smokey BBQ Butterfly Chicken

1.1kg",,11.49,11.49,10.45,ea,0.0,0.0,EXTRA,2026-01-09T10:28:04.345746
PAK'nSAVE,"Tegel Free Range Meal Maker Shredded Roast Chicken

260g",,10.99,10.99,42.27,ea,0.0,0.0,EXTRA,2026-01-09T10:28:04.376887
PAK'nSAVE,"Value Pre-Cooked Sausages

35pk",,19.49,19.49,,ea,0.0,0.0,,2026-01-09T10:28:04.401975
PAK'nSAVE,"Lamb Steak

kg",,34.99,34.99,34.99,kg,0.0,0.0,,2026-01-09T10:28:04.424663
PAK'nSAVE,"Hellers Crafty Cooks Bacon Strips

200g",,5.49,5.49,27.45,ea,0.0,0.0,EXTRA,2026-01-09T10:28:04.450684
PAK'nSAVE,"Tegel Herb Crumbed Chicken Schnitzel

kg",,21.99,21.99,21.99,kg,0.0,0.0,,2026-01-09T10:28:04.479458
PAK'nSAVE,"Hellers Sliced Ham & Chicken

kg",,14.99,14.99,14.99,kg,0.0,0.0,,2026-01-09T10:28:04.500781
PAK'nSAVE,"Harris Farms Old English Beef Sausages MAP

480g",,9.99,9.99,20.81,ea,0.0,0.0,,2026-01-09T10:28:04.522184
PAK'nSAVE,"Picanha Beef Rump Roast

kg",,26.79,26.79,26.79,kg,0.0,0.0,EXTRA,2026-01-09T10:28:04.548396
PAK'nSAVE,"Beehive Cocktails

1kg",,13.85,13.85,13.85,ea,0.0,0.0,,2026-01-09T10:28:04.576934
PAK'nSAVE,"Hellers Craft Old Fashioned Beef Sausages

6pk",,10.49,10.49,,ea,0.0,0.0,EXTRA,2026-01-09T10:28:04.599616
PAK'nSAVE,"NZ Beef Chuck Steak

kg",,31.59,31.59,31.59,kg,0.0,0.0,,2026-01-09T10:28:04.626009
PAK'nSAVE,"Hellers Craft Shredded Roast Chicken

300g",,11.99,11.99,39.97,ea,0.0,0.0,,2026-01-09T10:28:04.650890
PAK'nSAVE,"NZ Stir Fry Beef

kg",,29.89,29.89,29.89,kg,0.0,0.0,,2026-01-09T10:28:04.672210
PAK'nSAVE,"Pams Streaky Bacon

1kg",,22.99,22.99,22.99,ea,0.0,0.0,,2026-01-09T10:28:04.723279
PAK'nSAVE,"Tegel Free Range Meal Maker Sliced Roast Chicken

260g",,10.99,10.99,42.27,ea,0.0,0.0,EXTRA,2026-01-09T10:28:04.749995
PAK'nSAVE,"Hellers Shaved Roast Chicken

200g",,5.49,5.49,27.45,ea,0.0,0.0,EXTRA,2026-01-09T10:28:04.775945
PAK'nSAVE,"Hellers Saveloys

kg",,13.99,13.99,13.99,kg,0.0,0.0,,2026-01-09T10:28:04.814936
PAK'nSAVE,"Hellers Family Franks

1kg",,11.99,11.99,11.99,ea,0.0,0.0,,2026-01-09T10:28:04.836524
PAK'nSAVE,"Hellers Trusty BBQ Pre-Cooked Sausages

2kg",,19.49,19.49,9.75,ea,0.0,0.0,EXTRA,2026-01-09T10:28:22.429328
PAK'nSAVE,"Verkerks Frankfurters

300g",,5.79,5.79,19.3,ea,0.0,0.0,EXTRA,2026-01-09T10:28:22.458789
PAK'nSAVE,"Aoraki Smokehouse Original Artisan Cold Smoked Salmon Slices

100g",,11.49,11.49,114.9,ea,0.0,0.0,EXTRA,2026-01-09T10:28:22.493356
PAK'nSAVE,"Waitoa Whole Chicken with Garden Herbs Stuffing

1.5kg",,17.49,17.49,11.66,ea,0.0,0.0,EXTRA,2026-01-09T10:28:22.520250
PAK'nSAVE,"NZ Chicken Livers

kg",,21.99,21.99,21.99,kg,0.0,0.0,,2026-01-09T10:28:22.549794
PAK'nSAVE,"Verkerks Cheese Kransky

280g",,5.99,5.99,21.39,ea,0.0,0.0,EXTRA,2026-01-09T10:28:22.576451
PAK'nSAVE,"Pork Sirloin Steak

kg",,34.99,34.99,34.99,kg,0.0,0.0,,2026-01-09T10:28:22.601928
PAK'nSAVE,"Pams Whole Chicken Large

1.9kg",,17.99,17.99,9.47,ea,0.0,0.0,,2026-01-09T10:28:22.627333
PAK'nSAVE,"Hellers Craft Country Pork Sausages

6pk",,10.49,10.49,,ea,0.0,0.0,EXTRA,2026-01-09T10:28:22.653647
PAK'nSAVE,"Hellers Craft Honey Lamb & Rosemary Sausages

6pk",,10.49,10.49,,ea,0.0,0.0,EXTRA,2026-01-09T10:28:22.680446
PAK'nSAVE,"NZ Lamb Leg Chops

kg",,23.99,23.99,23.99,kg,0.0,0.0,,2026-01-09T10:28:22.706754
PAK'nSAVE,"Hellers Manuka Smoked Middle Eye Bacon

250g",,6.49,6.49,25.96,ea,0.0,0.0,EXTRA,2026-01-09T10:28:22.762866
PAK'nSAVE,"NZ Beef Blade Steak

kg",,30.59,30.59,30.59,kg,0.0,0.0,,2026-01-09T10:28:22.791965
PAK'nSAVE,"NZ Diced Pork

kg",,21.49,21.49,21.49,kg,0.0,0.0,,2026-01-09T10:28:22.816878
PAK'nSAVE,"Hellers Craft Sliced Roast Chicken

300g",,11.99,11.99,39.97,ea,0.0,0.0,,2026-01-09T10:28:22.841909
PAK'nSAVE,"Verkerks Mini Danish Salami

300g",,8.59,8.59,28.63,ea,0.0,0.0,EXTRA,2026-01-09T10:28:22.890829
PAK'nSAVE,"Pams Sliced Champagne Leg Ham

225g",,5.49,5.49,24.4,ea,0.0,0.0,,2026-01-09T10:28:22.915785
PAK'nSAVE,"Tegel Free Range Honey Soy Chicken Kebabs

6pk",,8.99,8.99,,ea,0.0,0.0,EXTRA,2026-01-09T10:28:22.943239
PAK'nSAVE,"Tegel Free Range Satay Flavoured Chicken Kebabs

6pk",,8.99,8.99,,ea,0.0,0.0,EXTRA,2026-01-09T10:28:22.969555
PAK'nSAVE,"Tegel Free Range Chicken Luncheon

800g",,8.15,8.15,10.19,ea,0.0,0.0,,2026-01-09T10:28:23.000771
PAK'nSAVE,"Hellers Manuka Smoked Streaky Bacon

400g",,8.49,8.49,21.23,ea,0.0,0.0,EXTRA,2026-01-09T10:28:23.027062
PAK'nSAVE,"Hellers Shaved Hot Pork

200g",,5.49,5.49,27.45,ea,0.0,0.0,EXTRA,2026-01-09T10:28:23.057144
PAK'nSAVE,"Primo Smallgoods Chorizo

200g",,5.59,5.59,27.95,ea,0.0,0.0,EXTRA,2026-01-09T10:28:23.086890
PAK'nSAVE,"Hutton's Ham & Chicken Flavoured Luncheon

800g",,6.69,6.69,8.36,ea,0.0,0.0,EXTRA,2026-01-09T10:28:23.112805
PAK'nSAVE,"Hellers Family Meatballs

400g",,8.29,8.29,20.73,ea,0.0,0.0,EXTRA,2026-01-09T10:28:23.140630
PAK'nSAVE,"Hellers Family Burgers

6pk",,8.29,8.29,,ea,0.0,0.0,EXTRA,2026-01-09T10:28:23.195104
PAK'nSAVE,"Farmland Leg Ham Banquet Boneless

890g",,15.49,15.49,17.4,ea,0.0,0.0,,2026-01-09T10:28:23.220185
PAK'nSAVE,"Hellers Classic Saveloys

1kg",,11.99,11.99,11.99,ea,0.0,0.0,,2026-01-09T10:28:23.245302
PAK'nSAVE,"Hellers Classic Pre-Cooked Chicken Sausages

1kg",,11.79,11.79,11.79,ea,0.0,0.0,EXTRA,2026-01-09T10:28:23.267828
PAK'nSAVE,"Hellers Sliced Manuka Smoked Ham

kg",,18.99,18.99,18.99,kg,0.0,0.0,,2026-01-09T10:28:23.318916
PAK'nSAVE,"Lamb Shanks (Knuckles)

kg",,26.99,26.99,26.99,kg,0.0,0.0,,2026-01-09T10:28:23.344132
PAK'nSAVE,"Pams Value Precooked Middle Bacon

700g",,14.29,14.29,20.41,ea,0.0,0.0,,2026-01-09T10:28:23.369330
PAK'nSAVE,"Harris Farms North Canterbury Beef Burgers

2 x 125g",,6.59,6.59,26.36,ea,0.0,0.0,,2026-01-09T10:28:23.395344
PAK'nSAVE,"Farmland Sliced Luncheon Large Pre-Pack

kg",,20.9,20.9,20.9,kg,0.0,0.0,,2026-01-09T10:28:23.416436
PAK'nSAVE,"Verkerks Italian Salami

300g",,8.59,8.59,28.63,ea,0.0,0.0,EXTRA,2026-01-09T10:28:23.442425
PAK'nSAVE,"Tegel Free Range Meal Maker Smoked Chicken

260g",,10.99,10.99,42.27,ea,0.0,0.0,EXTRA,2026-01-09T10:28:23.468111
PAK'nSAVE,"Hellers Craft Lamb & Thyme Sausages

6pk",,10.49,10.49,,ea,0.0,0.0,EXTRA,2026-01-09T10:28:23.494155
PAK'nSAVE,"Pams Classic Beef Sausages

6 x 75g",,8.95,8.95,19.89,ea,0.0,0.0,,2026-01-09T10:28:23.519301
PAK'nSAVE,"NZ Chicken Hearts

kg",,14.79,14.79,14.79,kg,0.0,0.0,,2026-01-09T10:28:23.540676
PAK'nSAVE,"NZ Tenderised Beef Steak

kg",,32.49,32.49,32.49,kg,0.0,0.0,,2026-01-09T10:28:23.565686
PAK'nSAVE,"Frozen Whole Golden Pompano Fish

kg",,19.99,19.99,19.99,kg,0.0,0.0,,2026-01-09T10:28:23.591610
PAK'nSAVE,"Verkerks Mini Peperoni Salami

300g",,8.59,8.59,28.63,ea,0.0,0.0,EXTRA,2026-01-09T10:28:23.617987
PAK'nSAVE,"Pork Shoulder Rolled Roast

kg",,20.99,20.99,20.99,kg,0.0,0.0,,2026-01-09T10:28:23.669684
PAK'nSAVE,"Beef Fillet Steak

kg",,62.99,62.99,62.99,kg,0.0,0.0,,2026-01-09T10:28:23.694765
PAK'nSAVE,"Hellers Craft Angus Beef Meatballs

400g",,10.49,10.49,26.23,ea,0.0,0.0,EXTRA,2026-01-09T10:28:23.720576
PAK'nSAVE,"Farmland Champagne Ham Sliced

kg",,26.9,26.9,26.9,kg,0.0,0.0,EXTRA,2026-01-09T10:28:40.140214
PAK'nSAVE,"Tegel Free Range Meal Maker Shredded Roast Chicken

100g",,5.99,5.99,59.9,ea,0.0,0.0,,2026-01-09T10:28:40.203384
PAK'nSAVE,"Beehive Tasty Cheese Sausages

800g",,17.25,17.25,21.56,ea,0.0,0.0,,2026-01-09T10:28:40.253545
PAK'nSAVE,"Tegel Free Range Manuka Smoked Chicken Rashers

350g",,10.95,10.95,31.29,ea,0.0,0.0,,2026-01-09T10:28:40.274997
PAK'nSAVE,"Hellers Mild Chorizo

150g",,6.49,6.49,43.27,ea,0.0,0.0,,2026-01-09T10:28:40.296553
PAK'nSAVE,"NZ Pork Crackling

kg",,10.99,10.99,10.99,kg,0.0,0.0,,2026-01-09T10:28:40.318383
PAK'nSAVE,"Primo Smallgoods Spanish Chorizo

200g",,5.59,5.59,27.95,ea,0.0,0.0,EXTRA,2026-01-09T10:28:40.344939
PAK'nSAVE,"Premier Precooked Original Sausages

1kg",,17.25,17.25,17.25,ea,0.0,0.0,,2026-01-09T10:28:40.370431
PAK'nSAVE,"Harris Farms Beef 'n Caramelised Onion Burgers

2 x 125g",,6.59,6.59,26.36,ea,0.0,0.0,,2026-01-09T10:28:40.392257
PAK'nSAVE,"Rose & Mint Lamb Shoulder Chops

kg",,18.99,18.99,18.99,kg,0.0,0.0,,2026-01-09T10:28:40.413670
PAK'nSAVE,"Lisa's Mediterranean Falafel Mix

400g",,6.79,6.79,,ea,0.0,0.0,EXTRA,2026-01-09T10:28:40.445522
PAK'nSAVE,"Shore Mariner Seafood Marinara Mix

300g",,9.49,9.49,31.63,ea,0.0,0.0,,2026-01-09T10:28:40.470716
PAK'nSAVE,"Country Pride Ham & Chicken Flavoured Premium Luncheon

200g",,5.15,5.15,25.75,ea,0.0,0.0,,2026-01-09T10:28:40.492421
PAK'nSAVE,"Hellers Spicy Chorizo

150g",,6.49,6.49,43.27,ea,0.0,0.0,,2026-01-09T10:28:40.517674
PAK'nSAVE,"Tegel Free Range Chicken Mexican Wraps

4pk",,11.29,11.29,,ea,0.0,0.0,EXTRA,2026-01-09T10:28:40.540237
PAK'nSAVE,"Verkerks Chorizo

300g",,8.59,8.59,28.63,ea,0.0,0.0,EXTRA,2026-01-09T10:28:40.566428
PAK'nSAVE,"Bird & Barrow Diced Chicken Breast

kg",,27.49,27.49,27.49,kg,0.0,0.0,,2026-01-09T10:28:40.591441
PAK'nSAVE,"Hellers Craft Venison Sausages

6pk",,10.49,10.49,,ea,0.0,0.0,EXTRA,2026-01-09T10:28:40.630423
PAK'nSAVE,"Tegel Free Range Meal Maker Sliced Cajun Chicken

260g",,10.99,10.99,42.27,ea,0.0,0.0,EXTRA,2026-01-09T10:28:40.657024
PAK'nSAVE,"Tegel Free Range Manuka Smoked Chicken Rashers

200g",,5.79,5.79,28.95,ea,0.0,0.0,EXTRA,2026-01-09T10:28:40.684266
PAK'nSAVE,"Frozen Whole Milk Fish

kg",,16.49,16.49,16.49,kg,0.0,0.0,,2026-01-09T10:28:40.710566
PAK'nSAVE,"Tegel Free Range Chicken Italian Wraps

4pk",,11.29,11.29,,ea,0.0,0.0,EXTRA,2026-01-09T10:28:40.740820
PAK'nSAVE,"Pams Finest Authentic Italian Prosciutto Crudo

70g",,8.89,8.89,127.0,ea,0.0,0.0,,2026-01-09T10:28:40.797109
PAK'nSAVE,"NZ Beef Topside Steak

kg",,26.99,26.99,26.99,kg,0.0,0.0,,2026-01-09T10:28:40.823730
PAK'nSAVE,"Tegel Fresh Free Range Smoked Chicken Breast

300g",,10.79,10.79,35.97,ea,0.0,0.0,EXTRA,2026-01-09T10:28:40.856494
PAK'nSAVE,"Pams Finest European Duo Prosciutto & Milano Salami

80g",,11.29,11.29,141.13,ea,0.0,0.0,,2026-01-09T10:28:40.896955
PAK'nSAVE,"Verkerks Dutch Salami

300g",,8.59,8.59,28.63,ea,0.0,0.0,EXTRA,2026-01-09T10:28:40.926306
PAK'nSAVE,"NZ Beef Topside Roast

kg",,25.99,25.99,25.99,kg,0.0,0.0,,2026-01-09T10:28:40.952984
PAK'nSAVE,"Hellers Craft Spanish Chorizo Sausages

200g",,5.99,5.99,29.95,ea,0.0,0.0,EXTRA,2026-01-09T10:28:40.980368
PAK'nSAVE,"Aoraki Smokehouse Prepacked Bone In Salmon Fillets

kg",,53.49,53.49,53.49,kg,0.0,0.0,,2026-01-09T10:28:41.006674
PAK'nSAVE,"Lamb Butterfly Leg Roasts

kg",,37.79,37.79,37.79,kg,0.0,0.0,,2026-01-09T10:28:41.034526
PAK'nSAVE,"Regal Cold Smoked Salmon

100g",,13.65,13.65,136.5,ea,0.0,0.0,,2026-01-09T10:28:41.061104
PAK'nSAVE,"Farmland Wickford Ham

kg",,19.9,19.9,19.9,kg,0.0,0.0,EXTRA,2026-01-09T10:28:41.084841
PAK'nSAVE,"Hellers Craft Angus Beef Breakfast Sausages

10pk",,10.49,10.49,,ea,0.0,0.0,EXTRA,2026-01-09T10:28:41.114853
PAK'nSAVE,"Farmland Shaved Ham Large Pre-Pack

kg",,19.9,19.9,19.9,kg,0.0,0.0,EXTRA,2026-01-09T10:28:41.141290
PAK'nSAVE,"Hellers Craft Sliced Tandoori Chicken

250g",,11.99,11.99,47.96,ea,0.0,0.0,,2026-01-09T10:28:41.171100
PAK'nSAVE,"Hellers Craft Sliced Ham Off The Bone

250g",,10.79,10.79,43.16,ea,0.0,0.0,,2026-01-09T10:28:41.192837
PAK'nSAVE,"NZ Pork Spare Ribs

kg",,23.99,23.99,23.99,kg,0.0,0.0,,2026-01-09T10:28:41.218163
PAK'nSAVE,"Vegie Delights Hot Dogs

300g",,12.99,12.99,,ea,0.0,0.0,,2026-01-09T10:28:41.239667
PAK'nSAVE,"Prepacked Salmon Heads

kg",,12.49,12.49,12.49,kg,0.0,0.0,,2026-01-09T10:28:41.276118
PAK'nSAVE,"Tegel Free Range Meal Maker Shredded Satay Flavoured Chicken

260g",,10.99,10.99,42.27,ea,0.0,0.0,EXTRA,2026-01-09T10:28:41.303214
PAK'nSAVE,"Bird & Barrow Chicken Mince

kg",,27.49,27.49,27.49,kg,0.0,0.0,,2026-01-09T10:28:41.375924
PAK'nSAVE,"Beehive Cheese Frankfurters

800g",,13.85,13.85,17.31,ea,0.0,0.0,,2026-01-09T10:28:41.428391
PAK'nSAVE,"NZ Monkfish Fillets

kg",,34.99,34.99,34.99,kg,0.0,0.0,,2026-01-09T10:28:41.449715
PAK'nSAVE,"Campbell's Butchery Sausage Meat

450g",,7.25,7.25,16.11,ea,0.0,0.0,,2026-01-09T10:28:58.077324
PAK'nSAVE,"Beard Brothers Old School Beef Sausages

500g",,11.55,11.55,23.1,ea,0.0,0.0,,2026-01-09T10:28:58.098899
PAK'nSAVE,"Hellers Family Frankfurters

kg",,14.49,14.49,14.49,kg,0.0,0.0,,2026-01-09T10:28:58.120438
PAK'nSAVE,"NZ Pork Scotch Fillet

kg",,29.99,29.99,29.99,kg,0.0,0.0,,2026-01-09T10:28:58.141882
PAK'nSAVE,"Nishin Indian Mackerel Fish

800g",,10.35,10.35,12.94,ea,0.0,0.0,,2026-01-09T10:28:58.166850
PAK'nSAVE,"Tegel Free Range Meal Maker Shredded Sweet Chilli Chicken

100g",,5.99,5.99,59.9,ea,0.0,0.0,,2026-01-09T10:28:58.221612
PAK'nSAVE,"NZ Lambs Fry

kg",,13.99,13.99,13.99,kg,0.0,0.0,,2026-01-09T10:28:58.242959
PAK'nSAVE,"NZ Chicken Legs

kg",,11.99,11.99,11.99,kg,0.0,0.0,,2026-01-09T10:28:58.317680
PAK'nSAVE,"Tonzu Original High Protein Organic Tempeh

250g",,8.19,8.19,,ea,0.0,0.0,,2026-01-09T10:28:58.344324
PAK'nSAVE,"Beard Brothers Lekker Braai Boerewors

450g",,11.55,11.55,25.67,ea,0.0,0.0,,2026-01-09T10:28:58.392029
PAK'nSAVE,"Pork Schnitzel

kg",,23.49,23.49,23.49,kg,0.0,0.0,,2026-01-09T10:28:58.444557
PAK'nSAVE,"Harris Farms Smokey T's Brisket n' Cheddar Sausage MAP

450g",,9.99,9.99,22.2,ea,0.0,0.0,,2026-01-09T10:28:58.469920
PAK'nSAVE,"Beef Ribeye Steak On The Bone

kg",,45.49,45.49,45.49,kg,0.0,0.0,,2026-01-09T10:28:58.491518
PAK'nSAVE,"Shore Mariner Squid Tentacles

500g",,9.79,9.79,19.58,ea,0.0,0.0,,2026-01-09T10:28:58.516499
PAK'nSAVE,"PrePacked Tarakihi Fillets

kg",,44.99,44.99,44.99,kg,0.0,0.0,,2026-01-09T10:28:58.543022
PAK'nSAVE,"Lamb Drumsticks

kg",,23.49,23.49,23.49,kg,0.0,0.0,,2026-01-09T10:28:58.567958
PAK'nSAVE,"Campbell's Butchery Beef Flavoured Sausages

kg",,13.99,13.99,13.99,kg,0.0,0.0,,2026-01-09T10:28:58.593798
PAK'nSAVE,"Plain Pack Sliced Pepperoni

180g",,24.9,24.9,24.9,kg,0.0,0.0,,2026-01-09T10:28:58.615208
PAK'nSAVE,"Whole Beef Ribeye

kg",,46.99,46.99,46.99,kg,0.0,0.0,,2026-01-09T10:28:58.636562
PAK'nSAVE,"Lamb Hearts

kg",,14.99,14.99,14.99,kg,0.0,0.0,,2026-01-09T10:28:58.682957
PAK'nSAVE,"Whole Golden Pompano

kg",,19.99,19.99,19.99,ea,0.0,0.0,,2026-01-09T10:28:58.707868
PAK'nSAVE,"Hellers Free Range Danish Eye Bacon

250g",,9.99,9.99,39.96,ea,0.0,0.0,EXTRA,2026-01-09T10:28:58.730200
PAK'nSAVE,"Harris Farms Lamb Herb n Manuka Burgers

2 x 110g",,6.59,6.59,29.95,ea,0.0,0.0,,2026-01-09T10:28:58.760025
PAK'nSAVE,"Beard Brothers Moroccan Inspired Beef & Spice Sausages

500g",,11.55,11.55,23.1,ea,0.0,0.0,,2026-01-09T10:28:58.781360
PAK'nSAVE,"NZ Beef T Bone Steak

kg",,43.99,43.99,43.99,kg,0.0,0.0,,2026-01-09T10:28:58.802585
PAK'nSAVE,"Hellers Smoked Saveloys

1kg",,11.99,11.99,11.99,ea,0.0,0.0,,2026-01-09T10:28:58.827828
PAK'nSAVE,"Crumbed Pork Schnitzel

kg",,23.49,23.49,23.49,kg,0.0,0.0,,2026-01-09T10:28:58.849224
PAK'nSAVE,"Harris Farms Smokey T's Smokey BBQ Sausages MAP

450g",,9.99,9.99,22.2,ea,0.0,0.0,,2026-01-09T10:28:58.870459
PAK'nSAVE,"Farmland Pastrami Thin Sliced Beef

100g",,6.99,6.99,69.9,ea,0.0,0.0,,2026-01-09T10:28:58.891695
PAK'nSAVE,"Primo Smallgoods Kransky

200g",,5.59,5.59,27.95,ea,0.0,0.0,EXTRA,2026-01-09T10:28:58.918402
PAK'nSAVE,"Pams Smokey Beef Sausages

6 x 75g",,11.15,11.15,24.78,ea,0.0,0.0,,2026-01-09T10:28:58.943387
PAK'nSAVE,"Farmland Beef Thin Sliced Roast

100g",,6.99,6.99,69.9,ea,0.0,0.0,,2026-01-09T10:28:58.965658
PAK'nSAVE,"Harris Farms Pulled Pork Burgers

2 x 125g",,6.59,6.59,26.36,ea,0.0,0.0,,2026-01-09T10:28:58.990338
PAK'nSAVE,"Farmland Silverside Thin Sliced Corned

100g",,6.99,6.99,69.9,ea,0.0,0.0,,2026-01-09T10:28:59.021555
PAK'nSAVE,"Beef Cheeks

kg",,27.99,27.99,27.99,kg,0.0,0.0,,2026-01-09T10:28:59.046708
PAK'nSAVE,"Farmland Thin Sliced Hot Pork

100g",,6.99,6.99,69.9,ea,0.0,0.0,,2026-01-09T10:28:59.067704
PAK'nSAVE,"Regal Cold Smoked Salmon

200g",,22.49,22.49,112.45,ea,0.0,0.0,,2026-01-09T10:28:59.117692
PAK'nSAVE,"Verkerks Rookworst Authentic Dutch Smoked Sausage

300g",,8.29,8.29,27.63,ea,0.0,0.0,EXTRA,2026-01-09T10:28:59.165802
PAK'nSAVE,"NZ Pork Rump Steak

kg",,30.49,30.49,30.49,kg,0.0,0.0,,2026-01-09T10:28:59.192054
PAK'nSAVE,"Farmland Beef Thin Sliced Hot

100g",,6.99,6.99,69.9,ea,0.0,0.0,,2026-01-09T10:28:59.216960
PAK'nSAVE,"NZ Whole Beef Rump

kg",,26.79,26.79,26.79,kg,0.0,0.0,EXTRA,2026-01-09T10:28:59.239003
PAK'nSAVE,"Tegel Free Range Crunchy Chicken Burgers

4pk",,9.89,9.89,,ea,0.0,0.0,,2026-01-09T10:28:59.267247
PAK'nSAVE,"Unsliced Beef Fillet Steak

kg",,62.99,62.99,62.99,kg,0.0,0.0,,2026-01-09T10:28:59.288300
PAK'nSAVE,"Campbell's Butchery Pork Flavoured Sausages

kg",,12.99,12.99,12.99,kg,0.0,0.0,,2026-01-09T10:29:16.096068
PAK'nSAVE,"Primo Smallgoods Cheese Kransky

200g",,5.59,5.59,27.95,ea,0.0,0.0,EXTRA,2026-01-09T10:29:16.118622
PAK'nSAVE,"Campbell's Butchery Chipolatas Sausages

kg",,16.99,16.99,16.99,kg,0.0,0.0,,2026-01-09T10:29:16.146337
PAK'nSAVE,"Value Pre-Cooked Sausages

60pk",,30.49,30.49,,ea,0.0,0.0,,2026-01-09T10:29:16.167633
PAK'nSAVE,"Beard Brothers Old School Pork Sausages

500g",,11.55,11.55,23.1,ea,0.0,0.0,,2026-01-09T10:29:16.189123
PAK'nSAVE,"Pams Finest Tasty Duo Smoked Prosciutto & Hot Italian Salami

80g",,11.29,11.29,141.13,ea,0.0,0.0,,2026-01-09T10:29:16.210384
PAK'nSAVE,"Pork Fillets

kg",,28.99,28.99,28.99,kg,0.0,0.0,,2026-01-09T10:29:16.235493
PAK'nSAVE,"Prepacked Whole Mackerel Fish

ea",,11.99,11.99,11.99,kg,0.0,0.0,,2026-01-09T10:29:16.261595
PAK'nSAVE,"Shredded Chicken

kg",,36.9,36.9,36.9,kg,0.0,0.0,,2026-01-09T10:29:16.286564
PAK'nSAVE,"Beard Brothers Pork & Spiced Apple Sausages

500g",,11.55,11.55,23.1,ea,0.0,0.0,,2026-01-09T10:29:16.308006
PAK'nSAVE,"Harris Farms Chipolatas Sausages MAP

450g",,9.99,9.99,22.2,ea,0.0,0.0,,2026-01-09T10:29:16.355271
PAK'nSAVE,"NZ Snapper Fillets

kg",,45.99,45.99,45.99,kg,0.0,0.0,,2026-01-09T10:29:16.380265
PAK'nSAVE,"Pork & Pineapple Patties

kg",,19.99,19.99,19.99,kg,0.0,0.0,,2026-01-09T10:29:16.405326
PAK'nSAVE,"Pams Finest Premium Cooked Jumbo Shrimp

500g",,18.35,18.35,36.7,ea,0.0,0.0,,2026-01-09T10:29:16.430347
PAK'nSAVE,"Campbell's Butchery Crumbed Sausages

kg",,15.99,15.99,15.99,kg,0.0,0.0,,2026-01-09T10:29:16.478548
PAK'nSAVE,"NZ Common Blue Warehou Fillets

kg",,29.99,29.99,29.99,kg,0.0,0.0,,2026-01-09T10:29:16.499656
PAK'nSAVE,"Tegel Free Range Chargrill Chicken Steaks

4pk",,9.89,9.89,,ea,0.0,0.0,,2026-01-09T10:29:16.524549
PAK'nSAVE,"Campbell's Butchery Saveloys

kg",,14.99,14.99,14.99,kg,0.0,0.0,,2026-01-09T10:29:16.571550
PAK'nSAVE,"NZ Lamb Boneless Rolled Forquarter

kg",,26.99,26.99,26.99,kg,0.0,0.0,,2026-01-09T10:29:16.592522
PAK'nSAVE,"Curried Sausages

kg",,18.99,18.99,18.99,kg,0.0,0.0,,2026-01-09T10:29:16.617228
PAK'nSAVE,"Tegel BBQ Chicken Thighs Cooked

kg",,17.9,17.9,17.9,kg,0.0,0.0,EXTRA,2026-01-09T10:29:16.639274
PAK'nSAVE,"Farmland Pre-packed NZ Sliced Deli Champagne Ham

kg",,37.9,37.9,37.9,kg,0.0,0.0,,2026-01-09T10:29:16.664042
PAK'nSAVE,"NZ Whole Beef Porterhouse

kg",,39.49,39.49,39.49,kg,0.0,0.0,,2026-01-09T10:29:16.688862
PAK'nSAVE,"Shore Mariner Crumbed Formed Squid Rings

450g",,8.49,8.49,18.87,ea,0.0,0.0,,2026-01-09T10:29:16.714304
PAK'nSAVE,"Hellers Plain Pack Sliced Honey Baked Ham

kg",,25.9,25.9,25.9,kg,0.0,0.0,,2026-01-09T10:29:16.735333
PAK'nSAVE,"Harris Farms Traditional Beef Sausages MAP

480g",,9.99,9.99,20.81,ea,0.0,0.0,,2026-01-09T10:29:16.759977
PAK'nSAVE,"Shrimp Surimi Salad

kg",,18.99,18.99,18.99,kg,0.0,0.0,,2026-01-09T10:29:16.780855
PAK'nSAVE,"Diced Lamb

kg",,29.99,29.99,29.99,kg,0.0,0.0,,2026-01-09T10:29:16.801795
PAK'nSAVE,"Shore Mariner Cooked Vannamei Whole Prawns

400g",,17.35,17.35,43.38,ea,0.0,0.0,,2026-01-09T10:29:16.826345
PAK'nSAVE,"Bostock Brothers 100% Certified Organic Free Range Whole Chicken

1.5kg",,28.85,28.85,19.23,ea,0.0,0.0,,2026-01-09T10:29:16.847785
PAK'nSAVE,"United Fish Co Oven Ready Salt & Pepper Battered Prawns

250g",,9.19,9.19,36.76,ea,0.0,0.0,,2026-01-09T10:29:16.873640
PAK'nSAVE,"Campbell's Sausages PreCooked

kg",,13.99,13.99,13.99,ea,0.0,0.0,,2026-01-09T10:29:16.896344
PAK'nSAVE,"Farmland Sliced Corned Silverside Small Pre-Pack

kg",,47.9,47.9,47.9,kg,0.0,0.0,,2026-01-09T10:29:16.922239
PAK'nSAVE,"Whole Beef Eye Fillet

kg",,61.99,61.99,61.99,kg,0.0,0.0,,2026-01-09T10:29:16.948941
PAK'nSAVE,"Dressed Snapper

kg",,24.99,24.99,24.99,kg,0.0,0.0,,2026-01-09T10:29:16.995625
PAK'nSAVE,"Frozen PrePacked Whole Tarakihi Fish

kg",,20.99,20.99,20.99,kg,0.0,0.0,,2026-01-09T10:29:17.020731
PAK'nSAVE,"Hellers Prepacked Sliced Pork Luncheon

kg",,12.9,12.9,12.9,kg,0.0,0.0,,2026-01-09T10:29:17.045751
PAK'nSAVE,"Campbell's Butchery Battered Hot Dog

kg",,27.49,27.49,27.49,kg,0.0,0.0,,2026-01-09T10:29:17.066950
PAK'nSAVE,"United Fish Co Oven Ready Hot & Spicy Battered Prawns

250g",,9.19,9.19,36.76,ea,0.0,0.0,,2026-01-09T10:29:17.087972
PAK'nSAVE,"Hellers Shaved Silverside

kg",,38.9,38.9,38.9,kg,0.0,0.0,,2026-01-09T10:29:17.109085
PAK'nSAVE,"Campbell's Butchery Smoked Saveloys

kg",,14.99,14.99,14.99,kg,0.0,0.0,,2026-01-09T10:29:17.130666
PAK'nSAVE,"Trevally Fillets (Prepack)

kg",,30.99,30.99,30.99,kg,0.0,0.0,,2026-01-09T10:29:17.153476
PAK'nSAVE,"United Fish Co Oven Ready Coconut Crumbed Prawns

250g",,9.19,9.19,36.76,ea,0.0,0.0,,2026-01-09T10:29:17.178448
PAK'nSAVE,"Bird & Barrow Free Range Chicken Breast Manuka Honey & Soy Kebabs

5pk",,10.49,10.49,,ea,0.0,0.0,,2026-01-09T10:29:17.199699
PAK'nSAVE,"Farmland Cooked Roast Beef

kg",,42.9,42.9,42.9,ea,0.0,0.0,,2026-01-09T10:29:17.220983
PAK'nSAVE,"Ghiotti Soppressa Veneta

70g",,8.79,8.79,125.57,ea,0.0,0.0,,2026-01-09T10:29:17.241916
PAK'nSAVE,"Bird & Barrow Free Range Chicken Breast Coconut & Lemongrass Kebabs

5pk",,10.49,10.49,,ea,0.0,0.0,,2026-01-09T10:29:34.768381
PAK'nSAVE,"Hellers Craft Jumbo Cheese Brats

4pk",,7.99,7.99,,ea,0.0,0.0,,2026-01-09T10:29:34.790146
PAK'nSAVE,"Shore Mariner Panko Crumbed Prawn Bites

375g",,12.69,12.69,33.84,ea,0.0,0.0,,2026-01-09T10:29:34.811572
PAK'nSAVE,"NZ Skate Wings

kg",,13.99,13.99,13.99,kg,0.0,0.0,,2026-01-09T10:29:34.833897
PAK'nSAVE,"Verkerks Pepperoni

kg",,36.9,36.9,36.9,kg,0.0,0.0,,2026-01-09T10:29:34.859610
PAK'nSAVE,"Ghiotti Chorizo Extra

70g",,8.79,8.79,125.57,ea,0.0,0.0,,2026-01-09T10:29:34.880889
PAK'nSAVE,"Whole Flounder Fish PrePacked

kg",,29.49,29.49,29.49,kg,0.0,0.0,,2026-01-09T10:29:34.906089
PAK'nSAVE,"Moki Fish Fillets

ea",,32.99,32.99,32.99,kg,0.0,0.0,,2026-01-09T10:29:34.931073
PAK'nSAVE,"Tegel Free Range Meal Maker Shredded Flame Grilled Style Chicken

100g",,5.99,5.99,59.9,ea,0.0,0.0,,2026-01-09T10:29:34.957246
PAK'nSAVE,"Ghiotti Chorizo Velita

150g",,11.49,11.49,76.6,ea,0.0,0.0,,2026-01-09T10:29:34.978649
PAK'nSAVE,"Prepacked Moki Fish Steaks

ea",,15.99,15.99,15.99,kg,0.0,0.0,,2026-01-09T10:29:35.003471
PAK'nSAVE,"Tilapia Frozen

kg",,14.99,14.99,14.99,ea,0.0,0.0,,2026-01-09T10:29:35.028282
PAK'nSAVE,"Martinez Salchichon Spanish Salami

90g",,5.29,5.29,58.78,ea,0.0,0.0,,2026-01-09T10:29:35.053307
PAK'nSAVE,"Sea Cuisine Vannamei 41/50 Whole Raw Prawns

0.8kg",,23.95,23.95,29.94,ea,0.0,0.0,,2026-01-09T10:29:35.074354
PAK'nSAVE,"Lamb Rissoles

kg",,20.99,20.99,20.99,kg,0.0,0.0,,2026-01-09T10:29:35.099127
PAK'nSAVE,"Whole Perch

ea",,11.99,11.99,11.99,kg,0.0,0.0,,2026-01-09T10:29:35.120384
PAK'nSAVE,"Verkerks Medium Heat Chorizo

250g",,6.79,6.79,27.16,ea,0.0,0.0,,2026-01-09T10:29:35.145277
PAK'nSAVE,"Rig Fish Fillets

ea",,37.99,37.99,37.99,kg,0.0,0.0,,2026-01-09T10:29:35.194056
PAK'nSAVE,"PrePackaged Leather Jackets Fish

kg",,18.49,18.49,18.49,kg,0.0,0.0,,2026-01-09T10:29:35.218914
PAK'nSAVE,"Harris Farms Povi Masima

5kg",,100.39,100.39,20.08,ea,0.0,0.0,,2026-01-09T10:29:35.243659
PAK'nSAVE,"Sea Cuisine Cooked Whole Prawns Vannamei 21/25

800g",,29.19,29.19,36.49,ea,0.0,0.0,,2026-01-09T10:29:35.268591
PAK'nSAVE,"Prepacked Conga Eel Steaks

ea",,12.99,12.99,12.99,kg,0.0,0.0,,2026-01-09T10:29:35.293380
PAK'nSAVE,"Verkerks Traditional Chorizo

kg",,36.9,36.9,36.9,kg,0.0,0.0,,2026-01-09T10:29:35.318096
PAK'nSAVE,"Farmland Hot Pork Sliced RW Small

kg",,59.9,59.9,59.9,kg,0.0,0.0,,2026-01-09T10:29:35.344095
PAK'nSAVE,"Farmland Small RW Beef Pastrami Sliced

kg",,59.9,59.9,59.9,kg,0.0,0.0,,2026-01-09T10:29:35.373877
PAK'nSAVE,"Whole Trevally

ea",,14.99,14.99,14.99,kg,0.0,0.0,,2026-01-09T10:29:35.400146
PAK'nSAVE,"Tuna Steaks

ea",,57.99,57.99,57.99,kg,0.0,0.0,,2026-01-09T10:29:35.425167
PAK'nSAVE,"Tegel Free Range Southern Style Chicken Tenders

8pk",,9.89,9.89,,ea,0.0,0.0,,2026-01-09T10:29:35.449944
PAK'nSAVE,"Martinez Chorizo Extra Cured Sausages

120g",,7.09,7.09,59.08,ea,0.0,0.0,,2026-01-09T10:29:35.471038
PAK'nSAVE,"Quorn Meat -Free Sausages

336g",,10.15,10.15,,ea,0.0,0.0,,2026-01-09T10:29:35.492346
PAK'nSAVE,"Steak & Onion Meatballs

kg",,20.99,20.99,20.99,kg,0.0,0.0,,2026-01-09T10:29:35.513715
PAK'nSAVE,"Fresh Salmon Fillet Pin Out

kg",,61.99,61.99,61.99,kg,0.0,0.0,,2026-01-09T10:29:35.538703
PAK'nSAVE,"Angus Beef Patties

kg",,20.99,20.99,20.99,kg,0.0,0.0,,2026-01-09T10:29:35.559858
PAK'nSAVE,"Frozen Crumbed Gurnard Fillets

kg",,24.99,24.99,24.99,kg,0.0,0.0,,2026-01-09T10:29:35.584643
PAK'nSAVE,"Beef Sirloin Steak

kg",,40.49,40.49,40.49,kg,0.0,0.0,,2026-01-09T10:29:35.605671
PAK'nSAVE,"Whole Milk Fish

kg",,16.49,16.49,16.49,kg,0.0,0.0,,2026-01-09T10:29:35.631435
PAK'nSAVE,"Santa Bremor Herring Fillets In Oil

260g",,7.79,7.79,,ea,0.0,0.0,,2026-01-09T10:29:35.652542
PAK'nSAVE,"United Fish Co Baby Octopus

1kg",,22.09,22.09,22.09,ea,0.0,0.0,,2026-01-09T10:29:35.673984
PAK'nSAVE,"Crumbed Lamb Schnitzel

kg",,34.99,34.99,34.99,kg,0.0,0.0,,2026-01-09T10:29:35.698709
PAK'nSAVE,"Farmland Small RW Hot Beef Sliced

kg",,59.9,59.9,59.9,kg,0.0,0.0,,2026-01-09T10:29:35.719726
PAK'nSAVE,"Tegel Tempura Battered Chicken Nuggets

400g",,9.89,9.89,24.73,ea,0.0,0.0,,2026-01-09T10:29:35.744276
PAK'nSAVE,"Pork Boneless & Skinless Loin Roast

kg",,30.99,30.99,30.99,kg,0.0,0.0,,2026-01-09T10:29:35.765211
PAK'nSAVE,"Grill Sticks Beef

kg",,17.99,17.99,17.99,kg,0.0,0.0,,2026-01-09T10:29:35.789838
PAK'nSAVE,"PrePacked Deep Sea Cod Fillets

kg",,29.99,29.99,29.99,kg,0.0,0.0,,2026-01-09T10:29:35.811202
PAK'nSAVE,"Sriracha Crab Nuggets

kg",,21.99,21.99,21.99,kg,0.0,0.0,,2026-01-09T10:29:35.837323
PAK'nSAVE,"Sea Cuisine Vannamei 51/60 Cooked Prawn Cutlets

500g",,15.35,15.35,30.7,ea,0.0,0.0,,2026-01-09T10:29:35.858482
PAK'nSAVE,"Prepacked Shrimp Cocktail

kg",,27.9,27.9,27.9,kg,0.0,0.0,,2026-01-09T10:29:35.879626
PAK'nSAVE,"Whole Sole Fish

ea",,17.49,17.49,17.49,kg,0.0,0.0,,2026-01-09T10:29:35.904280
PAK'nSAVE,"Roast Pork

kg",,39.9,39.9,39.9,kg,0.0,0.0,,2026-01-09T10:29:35.928971
PAK'nSAVE,"Hellers Premium Roast Beef

kg",,47.9,47.9,47.9,kg,0.0,0.0,,2026-01-09T10:29:50.986859
PAK'nSAVE,"Pams Corned Pork Silverside

kg",,18.79,18.79,18.79,kg,0.0,0.0,,2026-01-09T10:29:51.012659
PAK'nSAVE,"Campbells Black Pudding

kg",,21.99,21.99,21.99,ea,0.0,0.0,,2026-01-09T10:29:51.039146
PAK'nSAVE,"Farmlands Teriyaki Pork Loin

kg",,39.9,39.9,39.9,kg,0.0,0.0,,2026-01-09T10:29:51.062476
PAK'nSAVE,"Westhaven New Zealand Littleneck Clams

1kg",,22.95,22.95,22.95,ea,0.0,0.0,,2026-01-09T10:29:51.092308
PAK'nSAVE,"Birds Eye Plant Based Wholemeal Crumb Chicken Style Tenders

300g",,10.49,10.49,,ea,0.0,0.0,EXTRA,2026-01-09T10:29:51.116859
PAK'nSAVE,"Roast Lamb

kg",,39.9,39.9,39.9,kg,0.0,0.0,,2026-01-09T10:29:51.143859
PAK'nSAVE,"Perch Fish Fillets

ea",,29.49,29.49,29.49,ea,0.0,0.0,,2026-01-09T10:29:51.168784
PAK'nSAVE,"Pork Grill Sticks

kg",,12.99,12.99,12.99,kg,0.0,0.0,,2026-01-09T10:29:51.196467
PAK'nSAVE,"Beef Flat Iron Steak

kg",,24.99,24.99,24.99,kg,0.0,0.0,,2026-01-09T10:29:51.224108
PAK'nSAVE,"Campbells White Pudding

kg",,21.99,21.99,21.99,ea,0.0,0.0,,2026-01-09T10:29:51.262001
PAK'nSAVE,"Prepacked Dory Fillets

kg",,59.99,59.99,59.99,ea,0.0,0.0,,2026-01-09T10:29:51.290516
PAK'nSAVE,"Chicken Tenderloins

kg",,21.49,21.49,21.49,kg,0.0,0.0,,2026-01-09T10:29:51.379754
PAK'nSAVE,"Tegel Free Range Oven Ready Sage & Onion Roast Fresh Chicken

1.5kg",,19.49,19.49,12.99,ea,0.0,0.0,,2026-01-09T10:29:51.461536
PAK'nSAVE,"Tegel Free Range Oven Ready Homestyle Fresh Chicken

1.5kg",,19.49,19.49,12.99,ea,0.0,0.0,,2026-01-09T10:29:51.512177
PAK'nSAVE,"Fish

ea",,57.99,57.99,57.99,kg,0.0,0.0,,2026-01-09T10:29:51.537540
PAK'nSAVE,"Silver Fern Farms Honest Beef & Lamb Burgers With A Hint Of Manuka Smoked Salt

500g",,14.89,14.89,29.78,ea,0.0,0.0,,2026-01-09T10:29:51.568390
PAK'nSAVE,"United Fish Co Tangyang Crispy Squid

400g",,11.55,11.55,28.88,ea,0.0,0.0,,2026-01-09T10:29:51.591100
PAK'nSAVE,"Shore Mariner Cajun Popcorn Squid

360g",,10.55,10.55,29.31,ea,0.0,0.0,,2026-01-09T10:29:51.616330
PAK'nSAVE,"Pams Sage & Onion Stuffed Chicken Oven Ready

1.5kg",,17.29,17.29,11.53,ea,0.0,0.0,,2026-01-09T10:29:51.639103
PAK'nSAVE,"Pams Summer Roast Garlic & Lemon Chicken

1.5kg",,15.05,15.05,10.03,ea,0.0,0.0,,2026-01-09T10:29:51.667234
PAK'nSAVE,"Tasmania Bone Out Salmon Fillet

kg",,61.99,61.99,61.99,ea,0.0,0.0,,2026-01-09T10:29:51.748332
PAK'nSAVE,"Silver Fern Farms Beef and Venison with Chilli and Lime Burgers

500g",,14.89,14.89,29.78,ea,0.0,0.0,,2026-01-09T10:29:51.815435
PAK'nSAVE,"Pams Chinese Style Pork Belly Bites

400g",,11.79,11.79,29.48,ea,0.0,0.0,,2026-01-09T10:29:51.841772
PAK'nSAVE,"Beard Brothers Inspired Pork & Leek Sausages

500g",,11.55,11.55,23.1,ea,0.0,0.0,,2026-01-09T10:29:51.868181
PAK'nSAVE,"John West Chunk Style Tuna In Olive Oil Blend

12 x 95g",,18.99,18.99,16.66,ea,0.0,0.0,,2026-01-09T10:29:51.893226
PAK'nSAVE,"John West Chunk Style Tuna in Springwater

12 x 95g",,18.99,18.99,16.66,ea,0.0,0.0,,2026-01-09T10:29:51.919597
PAK'nSAVE,"The Smokehouse Smoked Kawakawa Lemon Kingfish

kg",,45.99,45.99,45.99,kg,0.0,0.0,,2026-01-09T10:29:51.950956
PAK'nSAVE,"Tegel Free Range New Zealand Chicken Original Sausages

6pk",,7.49,7.49,,ea,0.0,0.0,,2026-01-09T10:29:52.078902
PAK'nSAVE,"Tegel Free Range New Zealand Chicken Classic Cheese Sausages

6pk",,7.49,7.49,,ea,0.0,0.0,,2026-01-09T10:29:52.103654
PAK'nSAVE,"Tegel Free Range New Zealand Chicken Breakfast Sausages

10pk",,7.49,7.49,,ea,0.0,0.0,,2026-01-09T10:29:52.133208
PAK'nSAVE,"Pams Cocktail Sausages

2kg",,17.99,17.99,9.0,ea,0.0,0.0,,2026-01-09T10:29:52.169736
PAK'nSAVE,"Pams Saveloys

2kg",,17.99,17.99,9.0,ea,0.0,0.0,,2026-01-09T10:29:52.196222
PAK'nSAVE,"Beard Brothers Precooked Sausages

1kg",,14.19,14.19,14.19,ea,0.0,0.0,,2026-01-09T10:29:52.222828
PAK'nSAVE,"Waitoa BBQ Free Range Butterflied Chicken

1.1kg",,14.99,14.99,13.63,ea,0.0,0.0,,2026-01-09T10:29:52.247589
PAK'nSAVE,"United Food Co Prawn Money Bags

450g",,12.49,12.49,27.76,ea,0.0,0.0,,2026-01-09T10:29:52.279222
PAK'nSAVE,"United Food Co Prawn Toast

450g",,12.49,12.49,27.76,ea,0.0,0.0,,2026-01-09T10:29:52.306015
PAK'nSAVE,"Primo Smallgoods Danish Salami

200g",,9.99,9.99,49.95,ea,0.0,0.0,EXTRA,2026-01-09T10:29:52.333501
PAK'nSAVE,"Primo Smallgoods Hot Sopressa Salami

200g",,9.99,9.99,49.95,ea,0.0,0.0,EXTRA,2026-01-09T10:29:52.363725
PAK'nSAVE,"Primo Smallgoods Pepperoni Salami

200g",,9.99,9.99,49.95,ea,0.0,0.0,EXTRA,2026-01-09T10:29:52.394217
PAK'nSAVE,"United Fish Co Baby Octopus

400g",,9.99,9.99,24.98,ea,0.0,0.0,,2026-01-09T10:29:52.424934
PAK'nSAVE,"Hellers Craft Beer & Porter Sausages

6pk",,10.49,10.49,,ea,0.0,0.0,EXTRA,2026-01-09T10:29:52.454317
PAK'nSAVE,"Pams Value Raw Prawn Meat Pieces

500g",,10.79,10.79,21.58,ea,0.0,0.0,,2026-01-09T10:29:52.482026
PAK'nSAVE,"Pams Angus Beef Burger Patties

400g",,12.25,12.25,30.63,ea,0.0,0.0,,2026-01-09T10:29:52.509061
PAK'nSAVE,"Beard Brothers Beef & Smokey Bacon Sausages

500g",,11.55,11.55,23.1,ea,0.0,0.0,,2026-01-09T10:30:08.057573
PAK'nSAVE,"Pams Shredded Roast Chicken

260g",,9.15,9.15,35.19,ea,0.0,0.0,,2026-01-09T10:30:08.084770
PAK'nSAVE,"Pams Sliced Cajun Chicken

260g",,9.15,9.15,35.19,ea,0.0,0.0,,2026-01-09T10:30:08.106649
PAK'nSAVE,"Hawkes Bay Sausage Company Pork Sausages

kg",,15.99,15.99,15.99,kg,0.0,0.0,,2026-01-09T10:30:08.128322
PAK'nSAVE,"Hawkes Bay Sausage Company Beef Sausages

kg",,15.99,15.99,15.99,kg,0.0,0.0,,2026-01-09T10:30:08.149879
PAK'nSAVE,"Hawkes Bay Sausage Company Venison Sausages

kg",,15.99,15.99,15.99,kg,0.0,0.0,,2026-01-09T10:30:08.171498
PAK'nSAVE,"Whole Tipapia Fish PPK

1kg",,14.99,14.99,14.99,ea,0.0,0.0,,2026-01-09T10:30:08.193637
PAK'nSAVE,"United Fish Co Whole Sanma 60-70g

1kg",,18.49,18.49,18.49,ea,0.0,0.0,,2026-01-09T10:30:08.330669
PAK'nSAVE,"On The Menu Pub Faves Roast Beef

320g",,7.99,7.99,,ea,0.0,0.0,,2026-01-09T10:30:08.355341
PAK'nSAVE,"Hellers Craft Shredded Kentucky Chicken

250g",,11.99,11.99,47.96,ea,0.0,0.0,,2026-01-09T10:30:08.376600
PAK'nSAVE,"United Fish Co Whole Sardines

1kg",,9.99,9.99,9.99,ea,0.0,0.0,,2026-01-09T10:30:08.397696
PAK'nSAVE,"Harris Farms Lamb Mince

450g",,11.49,11.49,25.53,ea,0.0,0.0,,2026-01-09T10:30:08.422599
PAK'nSAVE,"Champmar Whole Raw Vannamei 20/30 Count Prawns

1kg",,25.99,25.99,25.99,ea,0.0,0.0,EXTRA,2026-01-09T10:30:08.444949
PAK'nSAVE,"Hawkes Bay Sausage Company Beef Sage & Onion Sausages

kg",,15.99,15.99,15.99,kg,0.0,0.0,,2026-01-09T10:30:08.473484
PAK'nSAVE,"Hawkes Bay Sausage Company Lamb & Mint Sausages

kg",,15.99,15.99,15.99,kg,0.0,0.0,,2026-01-09T10:30:08.494843
PAK'nSAVE,"Frozen Mackerel

kg",,11.99,11.99,11.99,ea,0.0,0.0,,2026-01-09T10:30:08.515785
PAK'nSAVE,"Pams Cocktail Sausages

1kg",,9.49,9.49,9.49,ea,0.0,0.0,,2026-01-09T10:30:08.540841
PAK'nSAVE,"Pams Frankfurters

1kg",,9.49,9.49,9.49,ea,0.0,0.0,,2026-01-09T10:30:08.561893
PAK'nSAVE,"Southern Ocean New Zealand King Salmon Pieces

150g",,13.29,13.29,88.6,ea,0.0,0.0,,2026-01-09T10:30:08.583038
Woolworths,Woolworths NZ Chicken Breast Skinless Boneless Min Order 1kg,Woolworths,14.99,14.99,,ea,0.0,0.0,,2026-01-09T10:30:37.959469
Woolworths,Woolworths Pork & Beef Mince Prepacked 300g,Woolworths,8.5,8.5,,ea,0.0,0.0,,2026-01-09T10:30:37.981232
Woolworths,Woolworths NZ Beef Mince Grass Fed 18% Fat Tray 1kg,Woolworths,19.5,21.9,,ea,2.3999999999999986,11.0,,2026-01-09T10:30:37.996450
Woolworths,Woolworths NZ Beef Mince Grass Fed 5% Fat Tray 500g,Woolworths,16.9,16.9,,ea,0.0,0.0,,2026-01-09T10:30:38.013838
Woolworths,Woolworths NZ Chicken Breast Skinless Boneless 0.6-0.8kg,Woolworths,15.8,15.8,,ea,0.0,0.0,,2026-01-09T10:30:38.034159
Woolworths,Woolworths NZ Beef Mince Grass Fed 18% Fat Tray 500g,Woolworths,12.9,12.9,,ea,0.0,0.0,,2026-01-09T10:30:38.049817
Woolworths,Woolworths NZ Chicken Thighs Skinless Boneless 1.0kg - 1.35kg,Woolworths,22.5,25.99,,ea,3.4899999999999984,13.4,,2026-01-09T10:30:38.062453
Woolworths,Waitoa Free Range Chicken Whole Butterfly Honey & Rosemary Each 1.1kg,,13.5,15.0,,ea,1.5,10.0,,2026-01-09T10:30:38.076501
Woolworths,Woolworths NZ Diced Chicken 400g,Woolworths,8.0,8.0,,ea,0.0,0.0,,2026-01-09T10:30:38.092346
Woolworths,Woolworths NZ Beef Mince Prime Grass Fed 13% Fat Tray 750g,Woolworths,19.9,19.9,,ea,0.0,0.0,,2026-01-09T10:30:38.107727
Woolworths,Woolworths NZ Chicken Drumsticks 0.9-1.5kg 7-11pc,Woolworths,8.0,8.0,,ea,0.0,0.0,,2026-01-09T10:30:38.124319
Woolworths,Woolworths Sausages Classic Beef 450g Tray 6pack,Woolworths,8.5,8.5,,ea,0.0,0.0,,2026-01-09T10:30:38.143236
Woolworths,Turks Free Range Chicken Breast Skinless Fillet 450g,,9.9,9.9,,ea,0.0,0.0,,2026-01-09T10:30:38.159657
Woolworths,Woolworths NZ Chicken Thighs Skinless Boneless 580g - 800g,Woolworths,22.5,25.99,,ea,3.4899999999999984,13.4,,2026-01-09T10:30:38.172051
Woolworths,Woolworths Chicken Tenderloins NZ Small Pack,Woolworths,22.2,22.2,,ea,0.0,0.0,,2026-01-09T10:30:38.189518
Woolworths,Hellers Sausages Precooked 800g 12pack,,10.0,10.0,,ea,0.0,0.0,,2026-01-09T10:30:38.206337
Woolworths,Woolworths Oven Ready Chicken Whole Sage & Onion Each 1.5kg,Woolworths,18.5,18.5,,ea,0.0,0.0,,2026-01-09T10:30:38.225553
Woolworths,Macro Free Range NZ Chicken Breast Min Order 560g,,26.5,26.5,,ea,0.0,0.0,,2026-01-09T10:30:38.241696
Woolworths,Woolworths Cook NZ Chicken Kebabs Honey Soy 5pack,Woolworths,8.5,8.5,,ea,0.0,0.0,,2026-01-09T10:30:38.262557
Woolworths,Woolworths Cook NZ Chicken Kebabs Satay Tray 5pack,Woolworths,8.5,8.5,,ea,0.0,0.0,,2026-01-09T10:30:38.280888
Woolworths,Woolworths NZ Beef Rump Steak Grass Fed 1pce,Woolworths,22.9,34.9,,ea,12.0,34.4,,2026-01-09T10:30:38.299413
Woolworths,Bostocks Organic Boneless Chicken Breast Free Range 450g,,15.0,15.0,,ea,0.0,0.0,,2026-01-09T10:30:38.319504
Woolworths,First Light Beef Mince Wagyu 400g,,10.7,12.45,,ea,1.75,14.1,,2026-01-09T10:30:38.337059
Woolworths,Woolworths NZ Chicken Mince Breast 3% Fat Barn Raised Tray 400g,Woolworths,8.0,8.0,,ea,0.0,0.0,,2026-01-09T10:30:38.354405
Woolworths,Woolworths Cocktail Sausages Prepacked 500g,Woolworths,8.5,8.5,,ea,0.0,0.0,,2026-01-09T10:30:38.376715
Woolworths,Woolworths Frankfurters Prepacked 500g,Woolworths,8.5,8.5,,ea,0.0,0.0,,2026-01-09T10:30:38.394498
Woolworths,Woolworths Chicken Whole 1.9kg,Woolworths,17.0,17.0,,ea,0.0,0.0,,2026-01-09T10:30:38.415622
Woolworths,Woolworths NZ Pork Mince Free Farmed 13% Fat Tray 500g,Woolworths,10.9,10.9,,ea,0.0,0.0,,2026-01-09T10:30:38.431515
Woolworths,Macro Free Range NZ Diced Chicken Tray 400g,,9.2,9.2,,ea,0.0,0.0,,2026-01-09T10:30:38.450622
Woolworths,Tegel Free Range Quick Cook Chicken Steaks Chargrilled 4pk 400g,,9.0,9.0,,ea,0.0,0.0,,2026-01-09T10:30:38.466403
Woolworths,Woolworths Chicken Whole Each 1.35kg,Woolworths,14.8,14.8,,ea,0.0,0.0,,2026-01-09T10:30:38.481723
Woolworths,Woolworths Oven Ready Chicken Whole Country Style Each 1.5kg,Woolworths,18.5,18.5,,ea,0.0,0.0,,2026-01-09T10:30:38.497404
Woolworths,Woolworths Cook NZ Diced Chicken Breast Satay Prepacked 300g,Woolworths,8.5,8.5,,ea,0.0,0.0,,2026-01-09T10:30:38.512773
Woolworths,Woolworths NZ Chicken Breast Steaks 0.32 - 0.4kg,Woolworths,24.0,24.0,,ea,0.0,0.0,,2026-01-09T10:30:38.527927
Woolworths,Woolworths Lamb Leg Frozen Bone In 2.5 - 3.5kg,Woolworths,22.95,22.95,,ea,0.0,0.0,,2026-01-09T10:30:38.542592
Woolworths,Woolworths Sausages Classic Pork 450g Tray 6pack,Woolworths,8.5,8.5,,ea,0.0,0.0,,2026-01-09T10:30:38.558149
Woolworths,Woolworths Beef Schnitzel,Woolworths,27.9,27.9,,ea,0.0,0.0,,2026-01-09T10:30:38.576720
Woolworths,Macro Free Range NZ Chicken Thighs Fillets Min Order 550g,,31.0,31.0,,ea,0.0,0.0,,2026-01-09T10:30:38.591483
Woolworths,Woolworths Cook NZ Butterflied Chicken Garlic & Herb 1.1kg,Woolworths,13.4,13.4,,ea,0.0,0.0,,2026-01-09T10:30:38.606057
Woolworths,Bostocks Organic Chicken Thighs 450g,,17.0,17.0,,ea,0.0,0.0,,2026-01-09T10:30:38.620818
Woolworths,Woolworths NZ Chicken Breasts Skin On 1.7 - 2.1kg,Woolworths,12.9,14.6,,ea,1.6999999999999993,11.6,,2026-01-09T10:30:38.633315
Woolworths,Woolworths NZ Beef Stir Fry Premium Grass Fed 400g Tray,Woolworths,13.5,13.5,,ea,0.0,0.0,,2026-01-09T10:30:38.649890
Woolworths,Woolworths Cook NZ Beef Steak Sirloin Garlic/Herb Butter 400g Tray 2pack,Woolworths,21.5,21.5,,ea,0.0,0.0,,2026-01-09T10:30:38.676435
Woolworths,Woolworths NZ Beef Sirloin Steak Porterhouse Grass Fed 2pce,Woolworths,49.5,49.5,,ea,0.0,0.0,,2026-01-09T10:30:38.693154
Woolworths,Macro Free Range NZ Chicken Breast Steaks Per Kg,,26.0,26.0,,ea,0.0,0.0,,2026-01-09T10:30:38.710995
Woolworths,Woolworths NZ Beef Mince Grass Fed 5% Fat Tray 1kg,Woolworths,30.9,30.9,,ea,0.0,0.0,,2026-01-09T10:30:38.727606
Woolworths,Woolworths NZ Chicken Thighs Bone In Skin On 1.3-1.9kg,Woolworths,12.3,12.3,,ea,0.0,0.0,,2026-01-09T10:30:38.743385
Woolworths,Hellers Sausages Precooked Chunky Cheese Prepacked 1kg Pack,,12.0,12.0,,ea,0.0,0.0,,2026-01-09T10:30:38.761235
